date,consommation_mw,temperature_moyenne,temperature_min,temperature_max,type_jour,mois,jour_semaine,jour_annee
2019-01-01,91624.0,3.3,0.9,6.7,2,1,1,1
2019-01-02,98228.0,2.0,-0.6,5.0,0,1,2,2
2019-01-03,95669.0,3.5,1.2,7.8,0,1,3,3
2019-01-04,90730.0,5.2,3.7,7.4,0,1,4,4
2019-01-05,95994.0,1.7,-1.5,5.4,1,1,5,5
2019-01-06,95767.0,1.7,-1.9,5.9,1,1,6,6
2019-01-07,90759.0,5.3,1.7,9.0,0,1,0,7
2019-01-08,95799.0,3.6,-0.2,6.1,0,1,1,8
2019-01-09,100000.0,1.1,-2.2,6.7,0,1,2,9
2019-01-10,96505.0,3.1,0.7,7.2,0,1,3,10
2019-01-11,100000.0,1.1,-2.7,6.5,0,1,4,11
2019-01-12,96247.0,1.1,-0.6,4.8,1,1,5,12
2019-01-13,93004.0,2.5,0.4,5.6,1,1,6,13
2019-01-14,100000.0,-1.8,-3.9,2.4,0,1,0,14
2019-01-15,100000.0,-1.4,-5.5,2.3,0,1,1,15
2019-01-16,100000.0,0.9,-3.1,3.7,0,1,2,16
2019-01-17,100000.0,-0.0,-3.5,5.5,0,1,3,17
2019-01-18,97882.0,2.6,-1.4,6.0,0,1,4,18
2019-01-19,98457.0,0.2,-1.9,2.4,1,1,5,19
2019-01-20,100000.0,-0.8,-4.1,4.5,1,1,6,20
2019-01-21,92691.0,5.0,2.1,8.5,0,1,0,21
2019-01-22,100000.0,1.6,-2.2,5.0,0,1,1,22
2019-01-23,98455.0,2.2,-0.7,4.5,0,1,2,23
2019-01-24,100000.0,-0.7,-3.3,5.0,0,1,3,24
2019-01-25,100000.0,1.1,-2.5,3.8,0,1,4,25
2019-01-26,93767.0,2.4,-1.5,6.5,1,1,5,26
2019-01-27,100000.0,-0.1,-2.4,4.8,1,1,6,27
2019-01-28,96551.0,3.0,0.1,7.4,0,1,0,28
2019-01-29,100000.0,1.1,-0.9,5.0,0,1,1,29
2019-01-30,99280.0,1.7,1.2,4.0,0,1,2,30
2019-01-31,100000.0,1.2,-2.0,4.4,0,1,3,31
2019-02-01,88606.0,6.1,2.5,10.3,0,2,4,32
2019-02-02,92881.0,2.4,-0.8,5.7,1,2,5,33
2019-02-03,99490.0,0.4,-0.6,4.6,1,2,6,34
2019-02-04,94469.0,4.2,1.6,8.9,0,2,0,35
2019-02-05,100000.0,0.2,-0.6,5.2,0,2,1,36
2019-02-06,94482.0,3.1,-1.2,5.9,0,2,2,37
2019-02-07,100000.0,-1.1,-3.1,5.1,0,2,3,38
2019-02-08,100000.0,0.2,-4.1,5.0,0,2,4,39
2019-02-09,91457.0,3.3,-0.6,7.3,1,2,5,40
2019-02-10,86284.0,4.5,2.4,9.6,1,2,6,41
2019-02-11,95644.0,3.4,1.5,9.8,0,2,0,42
2019-02-12,95122.0,2.9,-0.4,5.5,0,2,1,43
2019-02-13,97319.0,2.6,0.5,6.4,0,2,2,44
2019-02-14,100000.0,0.3,-2.8,2.0,0,2,3,45
2019-02-15,97470.0,2.0,-0.6,6.1,0,2,4,46
2019-02-16,91800.0,2.6,1.3,6.9,1,2,5,47
2019-02-17,84766.0,5.7,4.9,9.6,1,2,6,48
2019-02-18,92041.0,4.4,1.1,7.7,0,2,0,49
2019-02-19,100000.0,0.2,-2.2,2.2,0,2,1,50
2019-02-20,92952.0,4.5,2.1,8.9,0,2,2,51
2019-02-21,93311.0,3.2,-0.5,8.6,0,2,3,52
2019-02-22,96953.0,2.7,-1.5,6.1,0,2,4,53
2019-02-23,84429.0,5.4,2.7,9.8,1,2,5,54
2019-02-24,81151.0,6.3,3.7,8.8,1,2,6,55
2019-02-25,85418.0,6.3,2.8,10.7,0,2,0,56
2019-02-26,94789.0,2.8,1.2,6.4,0,2,1,57
2019-02-27,92625.0,4.0,0.8,7.2,0,2,2,58
2019-02-28,88173.0,5.4,1.8,8.6,0,2,3,59
2019-03-01,85845.0,6.8,3.1,10.4,0,3,4,60
2019-03-02,85823.0,4.0,3.0,8.4,1,3,5,61
2019-03-03,85075.0,4.7,2.5,7.4,1,3,6,62
2019-03-04,92746.0,3.0,0.9,6.6,0,3,0,63
2019-03-05,94042.0,3.0,-0.1,6.9,0,3,1,64
2019-03-06,83963.0,7.1,3.6,10.0,0,3,2,65
2019-03-07,79738.0,8.3,3.8,14.1,0,3,3,66
2019-03-08,84666.0,5.6,3.1,8.7,0,3,4,67
2019-03-09,76558.0,7.9,5.4,11.2,1,3,5,68
2019-03-10,79478.0,6.7,2.6,9.8,1,3,6,69
2019-03-11,88499.0,4.9,1.6,10.7,0,3,0,70
2019-03-12,83640.0,7.0,2.8,11.6,0,3,1,71
2019-03-13,75414.0,9.5,6.2,12.6,0,3,2,72
2019-03-14,84180.0,6.5,4.7,11.6,0,3,3,73
2019-03-15,76079.0,9.9,8.2,14.1,0,3,4,74
2019-03-16,89609.0,1.6,0.2,5.9,1,3,5,75
2019-03-17,73559.0,8.7,5.0,12.3,1,3,6,76
2019-03-18,80549.0,7.3,3.2,10.6,0,3,0,77
2019-03-19,82287.0,6.7,1.9,11.1,0,3,1,78
2019-03-20,80142.0,7.7,3.8,11.1,0,3,2,79
2019-03-21,89331.0,3.7,-0.5,9.5,0,3,3,80
2019-03-22,79796.0,7.3,4.9,10.1,0,3,4,81
2019-03-23,72432.0,8.7,6.8,14.2,1,3,5,82
2019-03-24,65378.0,11.1,7.2,14.9,1,3,6,83
2019-03-25,79303.0,7.2,3.8,11.5,0,3,0,84
2019-03-26,81605.0,6.8,3.7,11.6,0,3,1,85
2019-03-27,78045.0,7.6,4.2,11.0,0,3,2,86
2019-03-28,71843.0,10.6,7.3,15.4,0,3,3,87
2019-03-29,74042.0,9.6,5.3,10.9,0,3,4,88
2019-03-30,71509.0,8.0,3.7,11.3,1,3,5,89
2019-03-31,66555.0,10.3,6.7,13.3,1,3,6,90
2019-04-01,74053.0,9.6,5.8,12.3,0,4,0,91
2019-04-02,67372.0,11.5,8.0,15.3,0,4,1,92
2019-04-03,75553.0,8.3,5.8,12.7,0,4,2,93
2019-04-04,73834.0,9.3,5.5,14.0,0,4,3,94
2019-04-05,73823.0,9.3,7.7,13.5,0,4,4,95
2019-04-06,73260.0,7.3,3.3,10.7,1,4,5,96
2019-04-07,63591.0,11.0,9.2,15.4,1,4,6,97
2019-04-08,69287.0,11.1,7.8,15.2,0,4,0,98
2019-04-09,70222.0,10.8,8.6,15.7,0,4,1,99
2019-04-10,70214.0,10.5,6.9,15.2,0,4,2,100
2019-04-11,74804.0,8.3,5.3,12.3,0,4,3,101
2019-04-12,68515.0,10.4,9.0,13.5,0,4,4,102
2019-04-13,63006.0,10.8,7.3,14.1,1,4,5,103
2019-04-14,65785.0,10.0,7.6,13.5,1,4,6,104
2019-04-15,66394.0,11.5,7.6,15.1,0,4,0,105
2019-04-16,63752.0,12.8,9.8,17.0,0,4,1,106
2019-04-17,55138.0,15.9,12.5,20.6,0,4,2,107
2019-04-18,61370.0,12.7,10.6,16.6,0,4,3,108
2019-04-19,62398.0,13.0,10.6,17.0,0,4,4,109
2019-04-20,57316.0,12.5,10.0,16.6,1,4,5,110
2019-04-21,66428.0,9.0,5.1,12.5,1,4,6,111
2019-04-22,61374.0,12.9,8.3,16.0,0,4,0,112
2019-04-23,61738.0,13.3,11.1,15.5,0,4,1,113
2019-04-24,53158.0,18.3,14.2,21.6,0,4,2,114
2019-04-25,60695.0,13.1,12.3,17.6,0,4,3,115
2019-04-26,56999.0,14.3,12.5,17.6,0,4,4,116
2019-04-27,54161.0,13.8,11.7,17.5,1,4,5,117
2019-04-28,59522.0,11.7,10.0,16.1,1,4,6,118
2019-04-29,50909.0,16.5,15.0,21.0,0,4,0,119
2019-04-30,53969.0,15.8,12.4,18.8,0,4,1,120
2019-05-01,45937.0,16.1,13.3,21.1,2,5,2,121
2019-05-02,60072.0,12.9,9.5,18.0,0,5,3,122
2019-05-03,49689.0,17.6,14.0,20.5,0,5,4,123
2019-05-04,56818.0,12.2,8.9,15.4,1,5,5,124
2019-05-05,46635.0,16.3,12.7,21.5,1,5,6,125
2019-05-06,48172.0,19.7,16.8,23.6,0,5,0,126
2019-05-07,56768.0,13.5,11.7,15.3,0,5,1,127
2019-05-08,47651.0,14.5,10.5,17.1,2,5,2,128
2019-05-09,50994.0,16.0,13.6,19.8,0,5,3,129
2019-05-10,53727.0,15.0,12.9,17.8,0,5,4,130
2019-05-11,53655.0,13.0,10.2,16.6,1,5,5,131
2019-05-12,45986.0,16.4,14.3,20.5,1,5,6,132
2019-05-13,54254.0,14.3,11.7,19.8,0,5,0,133
2019-05-14,47938.0,17.5,14.2,21.3,0,5,1,134
2019-05-15,51600.0,14.9,11.6,20.0,0,5,2,135
2019-05-16,46790.0,20.0,17.9,25.4,0,5,3,136
2019-05-17,51299.0,15.5,13.0,20.9,0,5,4,137
2019-05-18,44099.0,16.6,12.5,20.8,1,5,5,138
2019-05-19,41921.0,19.0,15.5,21.0,1,5,6,139
2019-05-20,51388.0,15.0,10.0,19.5,0,5,0,140
2019-05-21,45154.0,18.1,13.9,23.1,0,5,1,141
2019-05-22,45941.0,20.4,16.2,24.3,0,5,2,142
2019-05-23,52556.0,14.7,13.1,20.4,0,5,3,143
2019-05-24,46410.0,18.4,14.7,23.3,0,5,4,144
2019-05-25,41714.0,18.7,15.8,23.3,1,5,5,145
2019-05-26,41219.0,19.9,17.4,25.0,1,5,6,146
2019-05-27,48103.0,16.0,12.8,20.3,0,5,0,147
2019-05-28,47530.0,15.9,12.0,17.5,0,5,1,148
2019-05-29,45846.0,19.8,16.3,23.3,0,5,2,149
2019-05-30,45498.0,19.4,17.3,24.6,0,5,3,150
2019-05-31,45430.0,19.5,15.7,22.7,0,5,4,151
2019-06-01,39993.0,19.8,17.4,23.6,1,6,5,152
2019-06-02,38571.0,17.8,14.6,20.8,1,6,6,153
2019-06-03,45553.0,19.8,17.1,25.6,0,6,0,154
2019-06-04,44176.0,20.0,17.2,25.7,0,6,1,155
2019-06-05,43755.0,18.1,14.4,21.2,0,6,2,156
2019-06-06,44888.0,23.4,21.4,27.5,0,6,3,157
2019-06-07,43910.0,20.7,15.8,24.0,0,6,4,158
2019-06-08,40465.0,17.5,16.3,22.1,1,6,5,159
2019-06-09,40006.0,21.3,18.9,25.8,1,6,6,160
2019-06-10,44457.0,18.1,14.8,23.0,0,6,0,161
2019-06-11,42717.0,21.8,18.2,26.1,0,6,1,162
2019-06-12,44682.0,22.6,19.7,29.5,0,6,2,163
2019-06-13,43826.0,18.7,15.8,21.7,0,6,3,164
2019-06-14,43229.0,22.4,19.0,24.7,0,6,4,165
2019-06-15,39049.0,21.4,18.6,25.0,1,6,5,166
2019-06-16,37426.0,22.3,17.9,24.7,1,6,6,167
2019-06-17,43589.0,24.5,20.7,27.0,0,6,0,168
2019-06-18,42356.0,20.3,16.5,23.3,0,6,1,169
2019-06-19,42018.0,19.4,17.4,22.5,0,6,2,170
2019-06-20,41805.0,19.2,16.3,22.2,0,6,3,171
2019-06-21,43838.0,19.4,16.7,23.9,0,6,4,172
2019-06-22,37873.0,21.0,19.0,24.5,1,6,5,173
2019-06-23,39534.0,21.9,18.5,25.7,1,6,6,174
2019-06-24,42312.0,21.8,19.4,26.7,0,6,0,175
2019-06-25,41311.0,23.0,19.3,26.2,0,6,1,176
2019-06-26,41723.0,21.4,19.5,25.1,0,6,2,177
2019-06-27,43547.0,24.3,19.6,28.7,0,6,3,178
2019-06-28,42378.0,21.0,18.9,23.0,0,6,4,179
2019-06-29,37512.0,27.0,23.8,28.6,1,6,5,180
2019-06-30,38029.0,22.9,19.1,27.2,1,6,6,181
2019-07-01,42755.0,19.9,17.5,24.4,0,7,0,182
2019-07-02,43204.0,19.5,15.7,25.6,0,7,1,183
2019-07-03,43428.0,22.7,20.9,26.9,0,7,2,184
2019-07-04,41943.0,21.3,16.9,26.1,0,7,3,185
2019-07-05,41134.0,23.2,20.2,27.0,0,7,4,186
2019-07-06,37332.0,22.8,20.4,27.1,1,7,5,187
2019-07-07,37842.0,21.7,19.0,27.4,1,7,6,188
2019-07-08,41336.0,20.2,16.4,22.1,0,7,0,189
2019-07-09,41318.0,18.9,16.5,23.3,0,7,1,190
2019-07-10,42338.0,21.0,18.8,27.2,0,7,2,191
2019-07-11,42006.0,23.7,20.9,28.0,0,7,3,192
2019-07-12,42056.0,22.4,20.6,28.0,0,7,4,193
2019-07-13,36911.0,19.5,14.7,22.9,1,7,5,194
2019-07-14,31325.0,22.3,19.9,26.3,2,7,6,195
2019-07-15,41264.0,22.8,18.9,26.8,0,7,0,196
2019-07-16,42713.0,20.2,17.0,22.0,0,7,1,197
2019-07-17,42829.0,22.3,20.3,25.1,0,7,2,198
2019-07-18,40526.0,22.1,19.1,25.0,0,7,3,199
2019-07-19,41266.0,19.7,15.9,24.5,0,7,4,200
2019-07-20,36321.0,22.7,19.9,27.6,1,7,5,201
2019-07-21,37010.0,23.1,18.9,27.4,1,7,6,202
2019-07-22,41978.0,24.1,20.1,28.9,0,7,0,203
2019-07-23,40903.0,24.0,20.1,27.9,0,7,1,204
2019-07-24,41346.0,19.2,16.6,24.4,0,7,2,205
2019-07-25,41304.0,20.0,18.1,24.0,0,7,3,206
2019-07-26,42299.0,22.9,20.5,27.0,0,7,4,207
2019-07-27,37718.0,22.9,19.7,26.6,1,7,5,208
2019-07-28,37118.0,22.8,19.3,27.5,1,7,6,209
2019-07-29,42372.0,29.5,28.6,33.1,0,7,0,210
2019-07-30,41831.0,22.9,19.9,27.8,0,7,1,211
2019-07-31,42093.0,24.0,20.8,26.8,0,7,2,212
2019-08-01,43693.0,23.6,20.8,26.5,0,8,3,213
2019-08-02,43473.0,22.9,18.6,27.6,0,8,4,214
2019-08-03,36911.0,20.9,17.5,24.8,1,8,5,215
2019-08-04,38667.0,23.0,18.7,26.6,1,8,6,216
2019-08-05,43207.0,19.9,17.1,24.8,0,8,0,217
2019-08-06,41698.0,20.9,17.0,24.3,0,8,1,218
2019-08-07,43332.0,20.4,15.7,24.2,0,8,2,219
2019-08-08,43971.0,21.4,17.1,26.8,0,8,3,220
2019-08-09,41909.0,25.8,23.9,31.4,0,8,4,221
2019-08-10,37642.0,17.4,14.6,23.0,1,8,5,222
2019-08-11,39262.0,22.4,19.8,26.1,1,8,6,223
2019-08-12,43240.0,17.8,14.3,23.0,0,8,0,224
2019-08-13,43541.0,20.0,16.3,23.0,0,8,1,225
2019-08-14,43452.0,23.0,20.8,26.1,0,8,2,226
2019-08-15,37574.0,20.9,17.8,22.5,2,8,3,227
2019-08-16,42286.0,18.5,17.5,24.2,0,8,4,228
2019-08-17,39772.0,19.1,14.7,22.3,1,8,5,229
2019-08-18,39960.0,21.8,19.3,25.7,1,8,6,230
2019-08-19,43434.0,18.9,15.9,22.0,0,8,0,231
2019-08-20,43678.0,20.7,18.0,25.4,0,8,1,232
2019-08-21,42585.0,20.3,16.1,23.9,0,8,2,233
2019-08-22,44321.0,18.8,18.6,21.5,0,8,3,234
2019-08-23,44470.0,24.3,21.3,28.7,0,8,4,235
2019-08-24,39567.0,21.2,18.3,23.7,1,8,5,236
2019-08-25,43809.0,15.7,13.2,18.9,1,8,6,237
2019-08-26,44066.0,20.0,15.3,21.9,0,8,0,238
2019-08-27,44897.0,18.2,16.1,20.8,0,8,1,239
2019-08-28,43743.0,21.1,17.4,25.3,0,8,2,240
2019-08-29,44656.0,17.7,14.4,19.8,0,8,3,241
2019-08-30,44654.0,19.0,14.7,21.5,0,8,4,242
2019-08-31,40594.0,20.1,17.8,24.1,1,8,5,243
2019-09-01,40241.0,20.7,18.4,24.2,1,9,6,244
2019-09-02,46459.0,16.4,12.3,22.4,0,9,0,245
2019-09-03,45948.0,18.0,14.6,23.9,0,9,1,246
2019-09-04,45067.0,17.6,16.2,20.8,0,9,2,247
2019-09-05,44261.0,17.1,14.7,21.7,0,9,3,248
2019-09-06,47079.0,21.9,18.5,26.6,0,9,4,249
2019-09-07,42418.0,19.0,15.2,22.4,1,9,5,250
2019-09-08,44094.0,15.5,13.2,18.0,1,9,6,251
2019-09-09,46639.0,19.7,19.7,23.7,0,9,0,252
2019-09-10,45825.0,22.0,18.5,25.8,0,9,1,253
2019-09-11,46579.0,19.7,17.9,23.3,0,9,2,254
2019-09-12,53123.0,14.4,13.5,18.9,0,9,3,255
2019-09-13,48031.0,16.4,16.2,19.6,0,9,4,256
2019-09-14,41676.0,19.7,15.9,22.6,1,9,5,257
2019-09-15,45312.0,15.6,12.5,19.7,1,9,6,258
2019-09-16,46367.0,17.8,15.0,22.2,0,9,0,259
2019-09-17,46585.0,18.3,13.9,21.1,0,9,1,260
2019-09-18,52990.0,14.7,11.1,19.7,0,9,2,261
2019-09-19,48672.0,16.3,11.7,18.6,0,9,3,262
2019-09-20,66241.0,9.8,8.2,13.2,0,9,4,263
2019-09-21,51847.0,14.1,11.1,17.8,1,9,5,264
2019-09-22,46885.0,15.5,14.1,18.8,1,9,6,265
2019-09-23,57571.0,13.3,10.6,16.8,0,9,0,266
2019-09-24,48743.0,18.9,16.2,24.8,0,9,1,267
2019-09-25,59791.0,12.6,9.0,15.8,0,9,2,268
2019-09-26,55090.0,14.5,11.4,20.9,0,9,3,269
2019-09-27,53339.0,15.4,11.8,19.9,0,9,4,270
2019-09-28,44878.0,17.9,14.2,22.0,1,9,5,271
2019-09-29,56237.0,12.0,6.8,16.4,1,9,6,272
2019-09-30,50017.0,17.0,14.3,23.5,0,9,0,273
2019-10-01,56367.0,14.5,12.5,17.5,0,10,1,274
2019-10-02,60590.0,12.4,9.1,15.3,0,10,2,275
2019-10-03,54600.0,15.1,12.9,18.3,0,10,3,276
2019-10-04,57020.0,14.4,9.9,18.4,0,10,4,277
2019-10-05,56394.0,12.6,9.9,14.9,1,10,5,278
2019-10-06,54663.0,13.8,11.4,17.8,1,10,6,279
2019-10-07,63066.0,12.7,10.2,18.4,0,10,0,280
2019-10-08,58648.0,13.6,9.8,17.7,0,10,1,281
2019-10-09,56027.0,14.5,11.6,18.2,0,10,2,282
2019-10-10,53354.0,16.2,13.8,19.5,0,10,3,283
2019-10-11,68408.0,10.3,5.7,15.2,0,10,4,284
2019-10-12,46892.0,16.9,14.8,20.1,1,10,5,285
2019-10-13,69267.0,8.6,5.5,14.4,1,10,6,286
2019-10-14,63134.0,12.0,8.3,17.9,0,10,0,287
2019-10-15,61661.0,13.3,11.9,17.6,0,10,1,288
2019-10-16,62761.0,12.5,9.0,16.5,0,10,2,289
2019-10-17,69742.0,10.5,8.6,15.6,0,10,3,290
2019-10-18,68490.0,11.2,7.4,16.3,0,10,4,291
2019-10-19,63809.0,10.5,8.4,13.6,1,10,5,292
2019-10-20,65066.0,10.1,6.4,13.6,1,10,6,293
2019-10-21,64098.0,12.8,8.7,15.5,0,10,0,294
2019-10-22,66164.0,11.6,7.8,16.0,0,10,1,295
2019-10-23,72285.0,9.4,6.1,14.0,0,10,2,296
2019-10-24,64976.0,12.4,9.6,15.0,0,10,3,297
2019-10-25,66977.0,11.0,8.6,14.6,0,10,4,298
2019-10-26,62068.0,11.9,7.4,14.5,1,10,5,299
2019-10-27,63036.0,11.3,9.0,14.4,1,10,6,300
2019-10-28,75576.0,8.2,6.3,12.8,0,10,0,301
2019-10-29,76370.0,8.6,5.0,11.9,0,10,1,302
2019-10-30,68258.0,11.1,8.9,14.8,0,10,2,303
2019-10-31,71182.0,10.6,8.6,13.0,0,10,3,304
2019-11-01,68045.0,9.2,7.6,13.4,2,11,4,305
2019-11-02,69431.0,9.3,6.8,13.3,1,11,5,306
2019-11-03,65060.0,11.5,8.5,14.7,1,11,6,307
2019-11-04,79117.0,7.6,4.3,11.4,0,11,0,308
2019-11-05,74176.0,9.7,5.7,13.9,0,11,1,309
2019-11-06,78805.0,8.0,4.5,11.2,0,11,2,310
2019-11-07,78404.0,7.8,5.0,10.4,0,11,3,311
2019-11-08,72153.0,10.3,7.5,16.1,0,11,4,312
2019-11-09,69195.0,9.6,6.1,13.0,1,11,5,313
2019-11-10,70011.0,9.4,5.1,13.3,1,11,6,314
2019-11-11,69615.0,10.2,7.1,15.3,2,11,0,315
2019-11-12,81213.0,7.5,5.0,15.1,0,11,1,316
2019-11-13,76367.0,8.7,6.7,11.4,0,11,2,317
2019-11-14,81881.0,6.6,5.0,11.0,0,11,3,318
2019-11-15,80678.0,7.7,4.0,11.0,0,11,4,319
2019-11-16,79022.0,6.6,3.0,10.1,1,11,5,320
2019-11-17,78402.0,6.9,3.3,10.2,1,11,6,321
2019-11-18,80277.0,7.8,4.9,10.6,0,11,0,322
2019-11-19,87951.0,4.8,0.4,8.8,0,11,1,323
2019-11-20,74259.0,10.5,8.0,13.0,0,11,2,324
2019-11-21,90049.0,4.1,0.2,9.1,0,11,3,325
2019-11-22,89732.0,3.6,0.6,7.6,0,11,4,326
2019-11-23,75442.0,8.2,5.8,12.6,1,11,5,327
2019-11-24,77250.0,7.3,3.7,10.9,1,11,6,328
2019-11-25,83876.0,6.9,3.5,10.5,0,11,0,329
2019-11-26,86563.0,6.7,3.4,11.0,0,11,1,330
2019-11-27,88125.0,5.3,2.2,8.2,0,11,2,331
2019-11-28,92452.0,3.4,0.5,7.1,0,11,3,332
2019-11-29,89014.0,5.2,-0.1,8.4,0,11,4,333
2019-11-30,88360.0,3.6,-0.6,6.7,1,11,5,334
2019-12-01,80474.0,6.8,3.1,8.7,1,12,6,335
2019-12-02,91152.0,4.4,1.3,9.8,0,12,0,336
2019-12-03,96114.0,3.0,-1.0,6.3,0,12,1,337
2019-12-04,91446.0,3.9,0.3,9.0,0,12,2,338
2019-12-05,89453.0,5.2,2.2,10.3,0,12,3,339
2019-12-06,93603.0,3.2,0.5,5.9,0,12,4,340
2019-12-07,91960.0,2.5,-0.4,5.4,1,12,5,341
2019-12-08,85822.0,4.6,4.4,11.1,1,12,6,342
2019-12-09,91079.0,4.5,1.2,10.2,0,12,0,343
2019-12-10,95290.0,2.8,0.3,6.8,0,12,1,344
2019-12-11,96473.0,2.8,-1.8,7.1,0,12,2,345
2019-12-12,93249.0,4.1,1.1,7.5,0,12,3,346
2019-12-13,100000.0,0.7,-1.1,5.1,0,12,4,347
2019-12-14,96904.0,0.7,-2.3,3.9,1,12,5,348
2019-12-15,93158.0,2.0,-0.0,3.9,1,12,6,349
2019-12-16,94996.0,2.9,-0.6,5.6,0,12,0,350
2019-12-17,93500.0,3.8,0.6,7.9,0,12,1,351
2019-12-18,87889.0,6.1,2.1,9.0,0,12,2,352
2019-12-19,93440.0,4.8,2.6,8.7,0,12,3,353
2019-12-20,97199.0,2.7,-0.4,5.6,0,12,4,354
2019-12-21,90802.0,2.9,1.2,6.1,1,12,5,355
2019-12-22,96616.0,0.8,-2.9,5.7,1,12,6,356
2019-12-23,97702.0,2.7,-0.8,7.0,0,12,0,357
2019-12-24,100000.0,2.1,-1.4,6.1,0,12,1,358
2019-12-25,88355.0,3.3,0.3,8.2,2,12,2,359
2019-12-26,100000.0,0.9,-2.5,5.4,0,12,3,360
2019-12-27,96545.0,3.6,-1.0,9.0,0,12,4,361
2019-12-28,85981.0,5.5,2.8,9.1,1,12,5,362
2019-12-29,93361.0,2.2,-0.9,5.8,1,12,6,363
2019-12-30,96600.0,3.2,1.3,5.9,0,12,0,364
2019-12-31,92780.0,3.7,1.6,7.3,0,12,1,365
2020-01-01,94497.0,1.5,-1.6,6.5,2,1,2,1
2020-01-02,97769.0,2.7,-1.4,8.0,0,1,3,2
2020-01-03,99432.0,2.2,-0.5,7.2,0,1,4,3
2020-01-04,93075.0,2.4,-0.4,4.6,1,1,5,4
2020-01-05,98416.0,0.6,-2.0,5.7,1,1,6,5
2020-01-06,98218.0,2.2,-0.3,4.3,0,1,0,6
2020-01-07,96883.0,3.1,-0.2,8.0,0,1,1,7
2020-01-08,91274.0,5.0,3.5,8.6,0,1,2,8
2020-01-09,94191.0,4.0,-0.3,8.7,0,1,3,9
2020-01-10,87808.0,6.3,4.0,9.0,0,1,4,10
2020-01-11,99275.0,0.5,-3.2,5.7,1,1,5,11
2020-01-12,91278.0,3.8,2.0,6.3,1,1,6,12
2020-01-13,98375.0,2.4,-1.3,5.7,0,1,0,13
2020-01-14,88576.0,6.4,2.7,9.4,0,1,1,14
2020-01-15,100000.0,0.4,-3.0,2.6,0,1,2,15
2020-01-16,100000.0,0.3,-1.7,4.4,0,1,3,16
2020-01-17,100000.0,0.8,-2.4,6.6,0,1,4,17
2020-01-18,100000.0,-2.2,-4.1,4.4,1,1,5,18
2020-01-19,96656.0,1.0,-1.8,5.1,1,1,6,19
2020-01-20,100000.0,0.5,-3.5,5.6,0,1,0,20
2020-01-21,99359.0,2.4,-1.4,6.6,0,1,1,21
2020-01-22,97762.0,2.8,-0.3,7.3,0,1,2,22
2020-01-23,91195.0,5.8,3.8,9.5,0,1,3,23
2020-01-24,94626.0,4.0,0.4,8.2,0,1,4,24
2020-01-25,97679.0,1.0,-2.0,5.5,1,1,5,25
2020-01-26,98824.0,0.4,-0.3,3.8,1,1,6,26
2020-01-27,97275.0,3.2,-0.6,7.1,0,1,0,27
2020-01-28,100000.0,-0.4,-3.4,3.6,0,1,1,28
2020-01-29,88831.0,6.0,1.7,10.8,0,1,2,29
2020-01-30,91387.0,4.7,2.8,7.6,0,1,3,30
2020-01-31,100000.0,1.4,1.3,5.4,0,1,4,31
2020-02-01,100000.0,-1.0,-4.3,4.9,1,2,5,32
2020-02-02,86513.0,5.2,1.9,10.3,1,2,6,33
2020-02-03,99207.0,2.3,1.0,7.7,0,2,0,34
2020-02-04,90891.0,5.1,3.0,9.1,0,2,1,35
2020-02-05,100000.0,-0.5,-6.3,3.8,0,2,2,36
2020-02-06,100000.0,1.5,-1.2,6.5,0,2,3,37
2020-02-07,97445.0,2.8,-0.9,8.3,0,2,4,38
2020-02-08,90023.0,2.9,0.6,5.0,1,2,5,39
2020-02-09,93574.0,2.0,1.1,4.7,1,2,6,40
2020-02-10,93107.0,4.2,1.4,9.5,0,2,0,41
2020-02-11,100000.0,0.9,-1.8,4.6,0,2,1,42
2020-02-12,95831.0,2.9,0.3,6.2,0,2,2,43
2020-02-13,93126.0,3.5,0.6,6.2,0,2,3,44
2020-02-14,92859.0,4.3,1.1,7.8,0,2,4,45
2020-02-15,86067.0,4.8,2.0,7.4,1,2,5,46
2020-02-16,94494.0,1.2,-0.5,7.3,1,2,6,47
2020-02-17,100000.0,0.5,-3.0,4.5,0,2,0,48
2020-02-18,87138.0,6.2,5.2,10.2,0,2,1,49
2020-02-19,91192.0,4.4,3.5,9.0,0,2,2,50
2020-02-20,94970.0,2.4,-1.4,7.3,0,2,3,51
2020-02-21,85599.0,7.1,3.6,12.0,0,2,4,52
2020-02-22,88217.0,4.3,1.4,9.4,1,2,5,53
2020-02-23,82029.0,6.5,4.9,9.9,1,2,6,54
2020-02-24,90278.0,4.4,2.1,8.1,0,2,0,55
2020-02-25,80674.0,8.5,5.8,13.3,0,2,1,56
2020-02-26,81962.0,8.0,6.6,11.5,0,2,2,57
2020-02-27,92065.0,4.1,1.9,8.1,0,2,3,58
2020-02-28,85608.0,6.7,3.0,11.1,0,2,4,59
2020-02-29,81199.0,6.1,1.7,10.9,1,2,5,60
2020-03-01,77811.0,7.7,5.1,9.9,1,3,6,61
2020-03-02,93847.0,3.2,-0.6,7.9,0,3,0,62
2020-03-03,85951.0,6.6,5.5,10.4,0,3,1,63
2020-03-04,83041.0,7.5,3.8,12.2,0,3,2,64
2020-03-05,96741.0,2.0,-0.2,6.7,0,3,3,65
2020-03-06,92840.0,3.2,-0.1,8.9,0,3,4,66
2020-03-07,93214.0,1.7,-1.1,7.0,1,3,5,67
2020-03-08,83091.0,5.3,1.0,10.7,1,3,6,68
2020-03-09,81160.0,7.5,5.3,12.9,0,3,0,69
2020-03-10,78561.0,9.2,5.5,13.5,0,3,1,70
2020-03-11,84646.0,6.4,3.7,10.5,0,3,2,71
2020-03-12,75463.0,9.7,6.9,14.6,0,3,3,72
2020-03-13,89974.0,3.8,1.0,8.6,0,3,4,73
2020-03-14,87202.0,3.3,1.2,7.0,1,3,5,74
2020-03-15,78581.0,6.8,3.8,11.2,1,3,6,75
2020-03-16,80150.0,7.8,4.9,11.8,0,3,0,76
2020-03-17,81800.0,7.1,3.9,10.3,0,3,1,77
2020-03-18,92555.0,3.2,0.1,8.5,0,3,2,78
2020-03-19,81625.0,7.3,3.5,11.4,0,3,3,79
2020-03-20,86458.0,5.0,1.1,11.1,0,3,4,80
2020-03-21,72143.0,9.1,7.2,11.5,1,3,5,81
2020-03-22,71531.0,8.7,4.8,12.1,1,3,6,82
2020-03-23,83155.0,6.2,4.4,10.3,0,3,0,83
2020-03-24,81597.0,7.2,3.6,12.4,0,3,1,84
2020-03-25,82141.0,6.3,2.7,10.7,0,3,2,85
2020-03-26,76090.0,8.5,7.4,12.8,0,3,3,86
2020-03-27,70590.0,10.7,7.6,13.5,0,3,4,87
2020-03-28,74873.0,6.9,4.4,9.8,1,3,5,88
2020-03-29,67093.0,10.1,7.8,14.4,1,3,6,89
2020-03-30,76518.0,8.2,3.8,10.8,0,3,0,90
2020-03-31,76423.0,7.8,5.5,11.3,0,3,1,91
2020-04-01,73547.0,9.4,7.2,13.9,0,4,2,92
2020-04-02,78312.0,7.7,4.6,10.7,0,4,3,93
2020-04-03,73868.0,8.8,5.1,14.4,0,4,4,94
2020-04-04,73941.0,7.7,4.8,12.9,1,4,5,95
2020-04-05,56729.0,14.2,10.0,16.6,1,4,6,96
2020-04-06,70698.0,10.5,7.0,13.6,0,4,0,97
2020-04-07,72426.0,9.2,8.4,10.9,0,4,1,98
2020-04-08,68470.0,11.2,8.7,14.4,0,4,2,99
2020-04-09,67946.0,10.7,8.3,15.5,0,4,3,100
2020-04-10,69476.0,10.7,7.2,14.2,0,4,4,101
2020-04-11,59625.0,12.5,12.1,17.0,1,4,5,102
2020-04-12,58612.0,13.0,7.4,15.4,1,4,6,103
2020-04-13,67567.0,10.6,7.0,15.3,0,4,0,104
2020-04-14,67416.0,10.6,7.5,14.1,0,4,1,105
2020-04-15,66504.0,11.4,7.2,15.4,0,4,2,106
2020-04-16,74799.0,7.5,2.2,11.4,0,4,3,107
2020-04-17,71392.0,9.3,5.4,12.0,0,4,4,108
2020-04-18,50416.0,15.2,11.3,18.1,1,4,5,109
2020-04-19,50196.0,15.9,12.8,20.9,1,4,6,110
2020-04-20,61900.0,12.3,9.5,16.7,0,4,0,111
2020-04-21,58600.0,14.1,11.6,19.2,0,4,1,112
2020-04-22,59387.0,13.8,11.6,18.1,0,4,2,113
2020-04-23,50112.0,19.5,17.2,23.6,0,4,3,114
2020-04-24,54116.0,15.7,14.1,18.0,0,4,4,115
2020-04-25,55001.0,13.4,10.5,17.1,1,4,5,116
2020-04-26,57907.0,11.9,10.6,15.9,1,4,6,117
2020-04-27,64694.0,10.8,7.6,16.7,0,4,0,118
2020-04-28,54292.0,14.6,11.6,19.3,0,4,1,119
2020-04-29,60354.0,12.8,9.7,18.4,0,4,2,120
2020-04-30,61568.0,11.7,9.2,16.3,0,4,3,121
2020-05-01,52436.0,13.4,7.3,16.7,2,5,4,122
2020-05-02,55244.0,12.7,8.3,16.8,1,5,5,123
2020-05-03,45035.0,18.4,16.6,22.6,1,5,6,124
2020-05-04,48748.0,16.9,13.7,20.0,0,5,0,125
2020-05-05,52605.0,15.3,12.9,18.9,0,5,1,126
2020-05-06,49089.0,18.5,16.5,22.3,0,5,2,127
2020-05-07,51581.0,15.8,14.2,21.4,0,5,3,128
2020-05-08,49700.0,14.1,10.7,16.0,2,5,4,129
2020-05-09,43900.0,19.0,16.7,24.2,1,5,5,130
2020-05-10,42139.0,17.2,13.2,20.3,1,5,6,131
2020-05-11,55280.0,14.2,10.2,16.8,0,5,0,132
2020-05-12,50388.0,16.1,11.7,21.2,0,5,1,133
2020-05-13,51974.0,14.8,12.7,19.6,0,5,2,134
2020-05-14,54595.0,14.0,10.5,19.2,0,5,3,135
2020-05-15,47068.0,18.8,15.1,23.6,0,5,4,136
2020-05-16,42343.0,20.9,18.3,26.9,1,5,5,137
2020-05-17,49069.0,14.4,12.2,19.0,1,5,6,138
2020-05-18,47801.0,18.5,13.9,22.3,0,5,0,139
2020-05-19,49409.0,16.2,13.0,20.5,0,5,1,140
2020-05-20,46176.0,16.7,13.0,21.9,0,5,2,141
2020-05-21,47754.0,16.6,14.4,19.8,0,5,3,142
2020-05-22,49189.0,16.2,14.4,19.5,0,5,4,143
2020-05-23,41759.0,18.1,15.7,21.8,1,5,5,144
2020-05-24,43374.0,16.5,13.6,18.4,1,5,6,145
2020-05-25,47289.0,18.9,16.9,23.0,0,5,0,146
2020-05-26,46365.0,18.4,15.4,20.5,0,5,1,147
2020-05-27,45615.0,18.1,16.8,22.2,0,5,2,148
2020-05-28,46380.0,16.9,15.0,21.8,0,5,3,149
2020-05-29,45277.0,17.7,14.0,21.2,0,5,4,150
2020-05-30,40555.0,20.5,16.9,26.2,1,5,5,151
2020-05-31,40133.0,20.1,17.5,22.6,1,5,6,152
2020-06-01,46044.0,17.3,15.3,22.4,0,6,0,153
2020-06-02,44020.0,19.5,17.6,24.2,0,6,1,154
2020-06-03,45785.0,20.9,18.3,23.2,0,6,2,155
2020-06-04,46805.0,16.2,12.6,22.9,0,6,3,156
2020-06-05,43214.0,20.8,16.8,24.7,0,6,4,157
2020-06-06,40018.0,18.5,15.9,21.6,1,6,5,158
2020-06-07,37937.0,21.0,19.2,23.6,1,6,6,159
2020-06-08,44513.0,18.5,15.2,22.2,0,6,0,160
2020-06-09,45917.0,16.5,14.3,20.4,0,6,1,161
2020-06-10,43498.0,16.9,14.5,21.0,0,6,2,162
2020-06-11,43811.0,20.4,16.1,24.1,0,6,3,163
2020-06-12,45181.0,20.9,17.1,25.5,0,6,4,164
2020-06-13,38620.0,18.7,15.5,22.3,1,6,5,165
2020-06-14,38087.0,21.8,20.1,23.9,1,6,6,166
2020-06-15,44532.0,17.3,14.1,21.2,0,6,0,167
2020-06-16,44832.0,20.6,16.5,22.2,0,6,1,168
2020-06-17,43182.0,18.4,15.8,22.8,0,6,2,169
2020-06-18,43909.0,19.6,15.2,22.6,0,6,3,170
2020-06-19,44096.0,21.1,16.8,25.2,0,6,4,171
2020-06-20,37854.0,19.3,14.7,24.6,1,6,5,172
2020-06-21,37988.0,20.4,17.0,23.4,1,6,6,173
2020-06-22,43792.0,23.2,19.6,28.3,0,6,0,174
2020-06-23,44089.0,20.1,15.7,23.7,0,6,1,175
2020-06-24,43127.0,23.0,19.5,28.7,0,6,2,176
2020-06-25,41912.0,19.1,16.6,22.8,0,6,3,177
2020-06-26,44148.0,22.5,20.0,25.7,0,6,4,178
2020-06-27,37578.0,24.4,21.1,29.1,1,6,5,179
2020-06-28,38666.0,16.6,14.9,20.2,1,6,6,180
2020-06-29,42675.0,20.0,17.1,23.2,0,6,0,181
2020-06-30,43597.0,22.8,18.7,26.3,0,6,1,182
2020-07-01,42993.0,21.3,20.5,25.2,0,7,2,183
2020-07-02,42601.0,22.5,17.9,27.8,0,7,3,184
2020-07-03,42601.0,20.6,16.4,22.6,0,7,4,185
2020-07-04,37730.0,22.0,19.4,26.0,1,7,5,186
2020-07-05,38109.0,21.5,18.0,26.2,1,7,6,187
2020-07-06,40110.0,24.2,21.2,28.4,0,7,0,188
2020-07-07,41870.0,22.4,18.2,27.7,0,7,1,189
2020-07-08,42276.0,22.6,18.6,26.5,0,7,2,190
2020-07-09,41142.0,21.1,19.5,24.9,0,7,3,191
2020-07-10,42354.0,21.0,17.4,25.6,0,7,4,192
2020-07-11,37366.0,21.1,18.3,25.2,1,7,5,193
2020-07-12,38923.0,22.8,19.7,26.4,1,7,6,194
2020-07-13,43268.0,21.1,18.9,25.7,0,7,0,195
2020-07-14,35631.0,22.6,17.8,25.9,2,7,1,196
2020-07-15,41880.0,26.2,22.1,29.5,0,7,2,197
2020-07-16,41941.0,23.7,21.5,27.2,0,7,3,198
2020-07-17,41642.0,21.3,19.7,26.7,0,7,4,199
2020-07-18,37665.0,24.4,21.8,25.2,1,7,5,200
2020-07-19,36912.0,21.2,17.7,25.6,1,7,6,201
2020-07-20,41125.0,17.9,14.7,21.9,0,7,0,202
2020-07-21,42543.0,19.9,15.7,22.3,0,7,1,203
2020-07-22,42566.0,18.2,14.4,22.5,0,7,2,204
2020-07-23,41440.0,21.2,17.2,25.7,0,7,3,205
2020-07-24,42823.0,21.9,18.6,26.5,0,7,4,206
2020-07-25,37128.0,25.2,23.6,26.6,1,7,5,207
2020-07-26,37865.0,22.5,19.7,27.9,1,7,6,208
2020-07-27,42852.0,21.4,17.3,24.6,0,7,0,209
2020-07-28,42204.0,23.4,20.5,28.1,0,7,1,210
2020-07-29,42633.0,17.3,13.8,22.0,0,7,2,211
2020-07-30,41897.0,22.2,19.5,25.3,0,7,3,212
2020-07-31,42197.0,23.2,21.2,27.8,0,7,4,213
2020-08-01,37736.0,18.6,15.8,22.3,1,8,5,214
2020-08-02,37353.0,23.8,20.5,25.8,1,8,6,215
2020-08-03,42361.0,22.2,19.8,27.3,0,8,0,216
2020-08-04,41319.0,20.6,17.8,23.8,0,8,1,217
2020-08-05,42223.0,22.6,20.6,25.8,0,8,2,218
2020-08-06,42449.0,25.9,21.7,29.5,0,8,3,219
2020-08-07,42536.0,21.6,18.9,25.9,0,8,4,220
2020-08-08,38114.0,21.7,17.2,25.6,1,8,5,221
2020-08-09,38327.0,20.2,15.7,24.8,1,8,6,222
2020-08-10,43332.0,19.4,16.4,22.0,0,8,0,223
2020-08-11,43722.0,22.6,20.6,25.9,0,8,1,224
2020-08-12,42580.0,19.2,18.3,23.1,0,8,2,225
2020-08-13,42217.0,21.0,19.4,26.9,0,8,3,226
2020-08-14,42428.0,19.8,18.2,23.7,0,8,4,227
2020-08-15,32457.0,21.6,17.2,26.7,2,8,5,228
2020-08-16,38653.0,21.2,18.1,25.3,1,8,6,229
2020-08-17,42909.0,22.6,19.2,26.1,0,8,0,230
2020-08-18,42580.0,19.4,18.6,23.1,0,8,1,231
2020-08-19,43347.0,19.7,17.9,23.6,0,8,2,232
2020-08-20,43955.0,18.2,14.3,22.8,0,8,3,233
2020-08-21,44386.0,19.2,15.9,24.6,0,8,4,234
2020-08-22,39066.0,20.7,17.9,25.1,1,8,5,235
2020-08-23,39287.0,21.4,17.8,26.6,1,8,6,236
2020-08-24,43483.0,17.9,13.3,21.0,0,8,0,237
2020-08-25,44308.0,21.4,18.6,25.0,0,8,1,238
2020-08-26,43766.0,22.3,19.2,25.5,0,8,2,239
2020-08-27,45017.0,20.3,17.1,24.6,0,8,3,240
2020-08-28,43246.0,23.1,17.7,26.7,0,8,4,241
2020-08-29,40006.0,17.7,16.8,22.4,1,8,5,242
2020-08-30,41662.0,16.6,12.9,19.7,1,8,6,243
2020-08-31,49168.0,15.4,12.5,19.4,0,8,0,244
2020-09-01,47315.0,21.8,18.3,26.5,0,9,1,245
2020-09-02,45567.0,20.0,17.7,22.0,0,9,2,246
2020-09-03,44613.0,18.5,15.5,24.6,0,9,3,247
2020-09-04,45470.0,19.0,15.3,22.7,0,9,4,248
2020-09-05,42083.0,16.1,10.0,18.0,1,9,5,249
2020-09-06,41249.0,23.1,19.3,27.2,1,9,6,250
2020-09-07,45283.0,18.3,16.2,22.3,0,9,0,251
2020-09-08,46820.0,18.1,15.6,22.0,0,9,1,252
2020-09-09,45787.0,19.2,16.7,24.2,0,9,2,253
2020-09-10,46275.0,18.6,17.4,23.3,0,9,3,254
2020-09-11,46003.0,17.9,15.3,22.2,0,9,4,255
2020-09-12,46640.0,15.8,12.0,20.2,1,9,5,256
2020-09-13,42046.0,18.1,16.4,22.0,1,9,6,257
2020-09-14,48416.0,20.8,16.8,26.6,0,9,0,258
2020-09-15,47751.0,19.6,16.1,22.1,0,9,1,259
2020-09-16,47636.0,19.9,17.7,24.1,0,9,2,260
2020-09-17,51260.0,15.6,12.7,19.6,0,9,3,261
2020-09-18,54210.0,14.5,9.9,19.3,0,9,4,262
2020-09-19,44076.0,16.0,12.3,19.2,1,9,5,263
2020-09-20,45034.0,16.2,13.2,18.5,1,9,6,264
2020-09-21,48701.0,18.2,15.4,22.3,0,9,0,265
2020-09-22,59564.0,12.4,9.4,16.7,0,9,1,266
2020-09-23,47219.0,18.7,16.2,24.2,0,9,2,267
2020-09-24,53010.0,15.2,14.3,17.9,0,9,3,268
2020-09-25,56326.0,14.5,9.4,19.6,0,9,4,269
2020-09-26,54956.0,13.1,10.0,19.5,1,9,5,270
2020-09-27,57696.0,11.7,8.3,15.3,1,9,6,271
2020-09-28,51193.0,16.5,13.5,19.2,0,9,0,272
2020-09-29,54467.0,14.8,12.6,18.4,0,9,1,273
2020-09-30,60795.0,11.9,9.1,15.9,0,9,2,274
2020-10-01,62029.0,11.8,10.4,16.3,0,10,3,275
2020-10-02,59809.0,13.5,8.2,16.9,0,10,4,276
2020-10-03,45272.0,17.3,15.6,22.9,1,10,5,277
2020-10-04,54663.0,13.3,11.4,16.2,1,10,6,278
2020-10-05,65929.0,10.7,8.1,12.9,0,10,0,279
2020-10-06,62000.0,13.0,8.7,18.1,0,10,1,280
2020-10-07,62509.0,12.8,9.8,14.5,0,10,2,281
2020-10-08,75702.0,7.8,6.0,11.6,0,10,3,282
2020-10-09,61186.0,12.9,8.6,20.0,0,10,4,283
2020-10-10,58532.0,12.4,8.6,16.3,1,10,5,284
2020-10-11,53048.0,14.0,10.5,16.9,1,10,6,285
2020-10-12,54781.0,16.2,12.5,20.1,0,10,0,286
2020-10-13,56879.0,14.6,9.2,18.5,0,10,1,287
2020-10-14,65566.0,11.6,6.4,15.8,0,10,2,288
2020-10-15,69305.0,9.7,7.4,14.4,0,10,3,289
2020-10-16,51915.0,16.9,12.3,19.9,0,10,4,290
2020-10-17,60389.0,11.7,8.3,17.4,1,10,5,291
2020-10-18,61401.0,11.5,8.0,15.7,1,10,6,292
2020-10-19,66748.0,11.2,9.9,15.9,0,10,0,293
2020-10-20,66230.0,11.5,8.7,14.9,0,10,1,294
2020-10-21,69647.0,10.6,8.5,15.9,0,10,2,295
2020-10-22,70841.0,9.6,5.8,13.4,0,10,3,296
2020-10-23,72365.0,9.5,5.4,13.8,0,10,4,297
2020-10-24,66688.0,10.3,9.4,13.4,1,10,5,298
2020-10-25,68450.0,9.2,6.2,12.2,1,10,6,299
2020-10-26,74226.0,8.6,4.5,13.3,0,10,0,300
2020-10-27,71109.0,10.1,7.3,13.7,0,10,1,301
2020-10-28,74633.0,9.2,5.5,12.4,0,10,2,302
2020-10-29,65635.0,12.6,9.2,15.9,0,10,3,303
2020-10-30,86413.0,4.1,0.8,8.8,0,10,4,304
2020-10-31,64593.0,11.4,8.7,14.8,1,10,5,305
2020-11-01,57129.0,11.6,9.8,15.4,2,11,6,306
2020-11-02,86228.0,4.8,2.9,8.8,0,11,0,307
2020-11-03,77927.0,8.1,4.4,10.1,0,11,1,308
2020-11-04,78066.0,7.8,4.8,10.4,0,11,2,309
2020-11-05,83386.0,5.6,2.7,9.9,0,11,3,310
2020-11-06,80760.0,6.7,4.1,10.0,0,11,4,311
2020-11-07,79618.0,5.9,3.2,10.9,1,11,5,312
2020-11-08,66412.0,11.5,7.4,16.4,1,11,6,313
2020-11-09,74050.0,9.7,7.0,14.4,0,11,0,314
2020-11-10,73792.0,10.2,8.5,16.0,0,11,1,315
2020-11-11,69045.0,8.9,5.2,12.8,2,11,2,316
2020-11-12,86035.0,5.1,2.3,9.7,0,11,3,317
2020-11-13,83986.0,6.1,3.1,9.5,0,11,4,318
2020-11-14,74238.0,8.0,3.4,14.5,1,11,5,319
2020-11-15,83294.0,4.4,1.5,10.4,1,11,6,320
2020-11-16,78849.0,8.2,4.9,12.2,0,11,0,321
2020-11-17,84892.0,6.1,4.3,10.5,0,11,1,322
2020-11-18,85685.0,5.7,2.9,11.0,0,11,2,323
2020-11-19,79113.0,7.7,4.1,11.6,0,11,3,324
2020-11-20,81033.0,7.0,5.6,10.4,0,11,4,325
2020-11-21,82256.0,5.3,2.1,10.2,1,11,5,326
2020-11-22,75986.0,8.2,5.1,12.3,1,11,6,327
2020-11-23,89597.0,3.6,0.5,7.8,0,11,0,328
2020-11-24,83377.0,6.8,2.8,10.0,0,11,1,329
2020-11-25,83930.0,6.7,3.3,8.9,0,11,2,330
2020-11-26,90428.0,4.7,0.3,9.0,0,11,3,331
2020-11-27,86278.0,5.9,3.9,10.8,0,11,4,332
2020-11-28,90718.0,2.6,-0.5,6.4,1,11,5,333
2020-11-29,80081.0,6.8,3.7,12.3,1,11,6,334
2020-11-30,88734.0,4.5,2.6,7.8,0,11,0,335
2020-12-01,93159.0,3.7,-0.3,6.6,0,12,1,336
2020-12-02,85269.0,6.7,1.4,10.6,0,12,2,337
2020-12-03,94672.0,3.1,0.1,7.0,0,12,3,338
2020-12-04,100000.0,1.6,-1.9,6.3,0,12,4,339
2020-12-05,93141.0,1.2,-1.9,4.4,1,12,5,340
2020-12-06,85754.0,5.4,3.1,10.8,1,12,6,341
2020-12-07,98447.0,1.5,0.3,7.5,0,12,0,342
2020-12-08,84093.0,7.5,5.2,11.4,0,12,1,343
2020-12-09,100000.0,-0.3,-1.9,4.9,0,12,2,344
2020-12-10,84516.0,7.2,2.4,10.1,0,12,3,345
2020-12-11,92163.0,4.1,1.2,9.2,0,12,4,346
2020-12-12,90250.0,3.4,0.7,8.4,1,12,5,347
2020-12-13,91334.0,2.4,-1.5,7.3,1,12,6,348
2020-12-14,93238.0,4.2,2.3,8.2,0,12,0,349
2020-12-15,94791.0,3.2,1.0,4.3,0,12,1,350
2020-12-16,88808.0,5.4,2.4,8.8,0,12,2,351
2020-12-17,94581.0,3.4,-0.7,6.7,0,12,3,352
2020-12-18,96041.0,3.4,-0.1,6.4,0,12,4,353
2020-12-19,92942.0,2.3,-1.0,6.4,1,12,5,354
2020-12-20,92380.0,2.8,-0.3,6.4,1,12,6,355
2020-12-21,94431.0,3.5,0.1,6.6,0,12,0,356
2020-12-22,100000.0,-0.6,-3.8,2.3,0,12,1,357
2020-12-23,100000.0,0.0,-2.0,3.3,0,12,2,358
2020-12-24,95000.0,4.1,1.1,9.3,0,12,3,359
2020-12-25,90451.0,2.9,1.0,6.3,2,12,4,360
2020-12-26,94599.0,2.2,-0.9,5.6,1,12,5,361
2020-12-27,93319.0,2.5,-0.0,6.1,1,12,6,362
2020-12-28,97311.0,3.1,-2.4,7.5,0,12,0,363
2020-12-29,100000.0,1.3,-1.7,5.8,0,12,1,364
2020-12-30,100000.0,0.8,-0.8,1.7,0,12,2,365
2020-12-31,97354.0,2.7,-0.2,7.7,0,12,3,366
2021-01-01,97329.0,0.3,-3.2,5.8,2,1,4,1
2021-01-02,92159.0,3.1,-1.6,6.0,1,1,5,2
2021-01-03,100000.0,-1.2,-3.6,1.8,1,1,6,3
2021-01-04,93636.0,4.2,2.8,7.8,0,1,0,4
2021-01-05,96791.0,3.1,-0.7,6.3,0,1,1,5
2021-01-06,99063.0,2.6,1.0,6.9,0,1,2,6
2021-01-07,95044.0,4.1,1.5,6.1,0,1,3,7
2021-01-08,91614.0,5.4,2.7,8.3,0,1,4,8
2021-01-09,89377.0,4.1,1.2,9.6,1,1,5,9
2021-01-10,100000.0,-1.6,-5.3,1.4,1,1,6,10
2021-01-11,100000.0,-0.5,-2.9,4.7,0,1,0,11
2021-01-12,100000.0,0.8,-2.0,5.1,0,1,1,12
2021-01-13,100000.0,2.1,-0.9,4.2,0,1,2,13
2021-01-14,96423.0,3.0,-0.1,7.7,0,1,3,14
2021-01-15,100000.0,0.5,-2.5,4.4,0,1,4,15
2021-01-16,92749.0,2.4,-1.1,5.9,1,1,5,16
2021-01-17,98442.0,0.5,-3.3,4.7,1,1,6,17
2021-01-18,100000.0,0.8,-2.6,5.3,0,1,0,18
2021-01-19,100000.0,-0.8,-4.2,3.9,0,1,1,19
2021-01-20,100000.0,0.2,-1.2,5.4,0,1,2,20
2021-01-21,100000.0,-0.7,-3.7,3.8,0,1,3,21
2021-01-22,100000.0,0.1,-3.4,2.7,0,1,4,22
2021-01-23,88482.0,4.2,0.5,7.7,1,1,5,23
2021-01-24,99396.0,0.2,-2.1,7.2,1,1,6,24
2021-01-25,83428.0,7.4,5.1,12.1,0,1,0,25
2021-01-26,96258.0,3.2,0.7,9.5,0,1,1,26
2021-01-27,96527.0,2.6,-1.0,8.0,0,1,2,27
2021-01-28,100000.0,0.5,-3.5,4.8,0,1,3,28
2021-01-29,95609.0,3.7,1.1,8.0,0,1,4,29
2021-01-30,97091.0,1.2,-2.7,5.1,1,1,5,30
2021-01-31,94288.0,2.6,-0.5,4.9,1,1,6,31
2021-02-01,84452.0,7.5,4.7,11.6,0,2,0,32
2021-02-02,99711.0,2.3,-0.5,7.5,0,2,1,33
2021-02-03,92644.0,4.8,1.1,8.2,0,2,2,34
2021-02-04,100000.0,1.2,-2.1,5.6,0,2,3,35
2021-02-05,98321.0,2.6,-2.7,7.4,0,2,4,36
2021-02-06,82781.0,6.3,4.1,9.3,1,2,5,37
2021-02-07,94768.0,1.5,-2.0,5.1,1,2,6,38
2021-02-08,87006.0,6.5,4.0,9.4,0,2,0,39
2021-02-09,92347.0,4.3,2.2,7.5,0,2,1,40
2021-02-10,98020.0,1.9,-1.1,4.6,0,2,2,41
2021-02-11,93604.0,4.3,1.2,7.4,0,2,3,42
2021-02-12,90443.0,5.1,-0.8,10.5,0,2,4,43
2021-02-13,87902.0,4.5,1.6,7.5,1,2,5,44
2021-02-14,97830.0,0.2,-1.7,4.3,1,2,6,45
2021-02-15,96813.0,1.9,-1.3,5.4,0,2,0,46
2021-02-16,95776.0,3.0,2.1,8.2,0,2,1,47
2021-02-17,92845.0,3.4,0.5,8.7,0,2,2,48
2021-02-18,90516.0,4.9,1.9,9.8,0,2,3,49
2021-02-19,91354.0,4.1,0.3,8.4,0,2,4,50
2021-02-20,96758.0,1.2,-2.8,5.0,1,2,5,51
2021-02-21,86966.0,4.7,2.2,7.5,1,2,6,52
2021-02-22,89307.0,5.3,2.4,11.2,0,2,0,53
2021-02-23,90116.0,5.3,3.1,8.5,0,2,1,54
2021-02-24,85445.0,6.4,4.6,11.1,0,2,2,55
2021-02-25,87404.0,6.1,2.7,11.1,0,2,3,56
2021-02-26,88608.0,5.4,3.7,8.9,0,2,4,57
2021-02-27,86403.0,4.5,1.9,9.5,1,2,5,58
2021-02-28,94754.0,1.4,-0.6,6.2,1,2,6,59
2021-03-01,87951.0,5.7,2.2,11.4,0,3,0,60
2021-03-02,88281.0,5.4,0.6,8.9,0,3,1,61
2021-03-03,85974.0,5.6,3.9,8.4,0,3,2,62
2021-03-04,93832.0,2.7,1.5,6.2,0,3,3,63
2021-03-05,93077.0,3.2,0.3,7.4,0,3,4,64
2021-03-06,77625.0,7.6,4.6,11.6,1,3,5,65
2021-03-07,81650.0,5.5,2.3,9.1,1,3,6,66
2021-03-08,84911.0,7.1,4.6,9.2,0,3,0,67
2021-03-09,86988.0,5.9,3.1,10.4,0,3,1,68
2021-03-10,85769.0,6.1,2.7,12.1,0,3,2,69
2021-03-11,80317.0,8.0,4.0,12.5,0,3,3,70
2021-03-12,86869.0,5.3,4.2,9.9,0,3,4,71
2021-03-13,78218.0,6.6,4.0,11.2,1,3,5,72
2021-03-14,81330.0,5.7,2.4,10.1,1,3,6,73
2021-03-15,85326.0,5.9,3.8,10.8,0,3,0,74
2021-03-16,82985.0,6.3,1.5,10.7,0,3,1,75
2021-03-17,81070.0,7.5,5.1,11.2,0,3,2,76
2021-03-18,83657.0,6.2,3.3,9.4,0,3,3,77
2021-03-19,73053.0,9.8,6.3,13.6,0,3,4,78
2021-03-20,79607.0,5.7,3.3,10.0,1,3,5,79
2021-03-21,75886.0,7.3,6.1,10.9,1,3,6,80
2021-03-22,82947.0,6.9,4.3,11.2,0,3,0,81
2021-03-23,71900.0,10.8,6.8,15.3,0,3,1,82
2021-03-24,76086.0,8.5,5.8,13.3,0,3,2,83
2021-03-25,72810.0,10.3,8.2,15.6,0,3,3,84
2021-03-26,83209.0,5.5,1.5,9.5,0,3,4,85
2021-03-27,71486.0,9.1,6.4,11.8,1,3,5,86
2021-03-28,66562.0,10.5,8.0,14.2,1,3,6,87
2021-03-29,74829.0,9.1,5.9,13.1,0,3,0,88
2021-03-30,70474.0,11.2,7.4,13.4,0,3,1,89
2021-03-31,75720.0,8.2,2.8,13.6,0,3,2,90
2021-04-01,65418.0,12.2,8.4,16.4,0,4,3,91
2021-04-02,61038.0,14.2,10.0,18.6,0,4,4,92
2021-04-03,70559.0,9.0,6.5,14.4,1,4,5,93
2021-04-04,68338.0,9.0,7.0,12.4,1,4,6,94
2021-04-05,61703.0,13.0,9.9,17.6,0,4,0,95
2021-04-06,62385.0,13.4,10.3,17.3,0,4,1,96
2021-04-07,73105.0,9.4,7.4,13.2,0,4,2,97
2021-04-08,72515.0,9.7,6.9,13.0,0,4,3,98
2021-04-09,69895.0,10.2,6.8,15.9,0,4,4,99
2021-04-10,70151.0,8.2,4.9,11.9,1,4,5,100
2021-04-11,68675.0,9.3,5.8,14.0,1,4,6,101
2021-04-12,70583.0,9.3,6.0,11.4,0,4,0,102
2021-04-13,69985.0,9.9,7.4,15.1,0,4,1,103
2021-04-14,66181.0,11.5,9.1,16.6,0,4,2,104
2021-04-15,64441.0,12.3,10.5,16.4,0,4,3,105
2021-04-16,56490.0,15.1,10.3,18.8,0,4,4,106
2021-04-17,64567.0,10.1,7.1,14.5,1,4,5,107
2021-04-18,52034.0,14.3,11.5,20.6,1,4,6,108
2021-04-19,63387.0,12.0,10.0,14.3,0,4,0,109
2021-04-20,62852.0,12.5,6.6,17.3,0,4,1,110
2021-04-21,57481.0,14.2,12.2,17.3,0,4,2,111
2021-04-22,66702.0,10.7,8.2,14.7,0,4,3,112
2021-04-23,58888.0,13.9,10.5,17.7,0,4,4,113
2021-04-24,54238.0,13.7,10.1,17.2,1,4,5,114
2021-04-25,52422.0,14.5,10.5,18.5,1,4,6,115
2021-04-26,56437.0,14.2,9.4,17.1,0,4,0,116
2021-04-27,49995.0,18.8,15.2,23.8,0,4,1,117
2021-04-28,61146.0,12.7,10.8,14.9,0,4,2,118
2021-04-29,59660.0,13.1,10.4,17.7,0,4,3,119
2021-04-30,58939.0,13.1,9.8,16.8,0,4,4,120
2021-05-01,48165.0,13.4,8.3,16.2,2,5,5,121
2021-05-02,54385.0,13.4,11.8,17.6,1,5,6,122
2021-05-03,47516.0,17.2,13.0,19.7,0,5,0,123
2021-05-04,49919.0,17.8,14.7,21.9,0,5,1,124
2021-05-05,55983.0,14.0,10.2,16.6,0,5,2,125
2021-05-06,57331.0,13.7,10.8,18.1,0,5,3,126
2021-05-07,50863.0,16.4,14.3,19.5,0,5,4,127
2021-05-08,42863.0,14.6,10.8,18.1,2,5,5,128
2021-05-09,43116.0,17.1,13.4,21.4,1,5,6,129
2021-05-10,49341.0,16.4,12.4,19.6,0,5,0,130
2021-05-11,56987.0,13.1,10.1,17.0,0,5,1,131
2021-05-12,49099.0,19.4,17.0,21.9,0,5,2,132
2021-05-13,46871.0,20.0,18.6,24.7,0,5,3,133
2021-05-14,51029.0,15.4,11.6,21.1,0,5,4,134
2021-05-15,45479.0,16.0,12.6,22.8,1,5,5,135
2021-05-16,41638.0,17.5,15.4,21.6,1,5,6,136
2021-05-17,46634.0,17.7,15.3,22.5,0,5,0,137
2021-05-18,47057.0,18.5,16.0,20.7,0,5,1,138
2021-05-19,46390.0,21.4,19.8,26.9,0,5,2,139
2021-05-20,46437.0,17.1,15.0,21.9,0,5,3,140
2021-05-21,48358.0,16.0,14.2,19.6,0,5,4,141
2021-05-22,45480.0,15.0,12.4,20.3,1,5,5,142
2021-05-23,43218.0,16.5,14.2,20.2,1,5,6,143
2021-05-24,47353.0,18.0,16.6,21.5,0,5,0,144
2021-05-25,45828.0,21.8,16.8,26.3,0,5,1,145
2021-05-26,45859.0,17.3,13.0,20.2,0,5,2,146
2021-05-27,46101.0,18.9,16.7,23.9,0,5,3,147
2021-05-28,44401.0,18.6,15.3,21.5,0,5,4,148
2021-05-29,42149.0,21.1,17.7,24.0,1,5,5,149
2021-05-30,40823.0,23.9,19.7,27.0,1,5,6,150
2021-05-31,46342.0,17.9,15.7,22.7,0,5,0,151
2021-06-01,44327.0,18.1,14.0,21.5,0,6,1,152
2021-06-02,46248.0,21.3,18.8,23.9,0,6,2,153
2021-06-03,45295.0,20.7,19.0,24.1,0,6,3,154
2021-06-04,45001.0,23.1,19.4,27.1,0,6,4,155
2021-06-05,40132.0,20.7,16.4,23.5,1,6,5,156
2021-06-06,39635.0,18.9,13.4,21.8,1,6,6,157
2021-06-07,45184.0,21.0,19.2,27.1,0,6,0,158
2021-06-08,44229.0,22.1,18.4,25.2,0,6,1,159
2021-06-09,42439.0,21.6,19.0,25.3,0,6,2,160
2021-06-10,43016.0,21.1,17.3,24.7,0,6,3,161
2021-06-11,43661.0,22.3,20.8,25.9,0,6,4,162
2021-06-12,39460.0,22.6,20.9,27.2,1,6,5,163
2021-06-13,39072.0,23.1,20.9,28.1,1,6,6,164
2021-06-14,44500.0,21.8,18.7,25.5,0,6,0,165
2021-06-15,41874.0,20.2,17.9,23.0,0,6,1,166
2021-06-16,43462.0,20.9,17.3,26.2,0,6,2,167
2021-06-17,41808.0,23.2,19.1,27.1,0,6,3,168
2021-06-18,43787.0,19.2,15.6,24.9,0,6,4,169
2021-06-19,38524.0,21.6,17.0,23.4,1,6,5,170
2021-06-20,38858.0,20.2,16.8,24.4,1,6,6,171
2021-06-21,42257.0,21.1,19.3,27.0,0,6,0,172
2021-06-22,43900.0,23.7,19.3,27.3,0,6,1,173
2021-06-23,43641.0,21.6,19.2,25.3,0,6,2,174
2021-06-24,43208.0,21.4,17.4,25.6,0,6,3,175
2021-06-25,42573.0,18.6,14.0,22.0,0,6,4,176
2021-06-26,38580.0,22.9,19.4,26.6,1,6,5,177
2021-06-27,37493.0,22.7,21.2,26.4,1,6,6,178
2021-06-28,43187.0,25.8,23.7,29.2,0,6,0,179
2021-06-29,43770.0,20.9,16.6,26.2,0,6,1,180
2021-06-30,43257.0,22.0,19.2,26.5,0,6,2,181
2021-07-01,41770.0,22.1,19.1,26.4,0,7,3,182
2021-07-02,42599.0,24.8,21.1,29.7,0,7,4,183
2021-07-03,36734.0,21.5,17.8,25.3,1,7,5,184
2021-07-04,38189.0,22.3,19.0,25.6,1,7,6,185
2021-07-05,42556.0,23.0,20.2,26.4,0,7,0,186
2021-07-06,40667.0,22.2,19.5,26.2,0,7,1,187
2021-07-07,41204.0,21.0,17.1,23.9,0,7,2,188
2021-07-08,41880.0,22.3,18.7,25.8,0,7,3,189
2021-07-09,41843.0,24.1,21.3,27.5,0,7,4,190
2021-07-10,36595.0,19.9,15.8,26.0,1,7,5,191
2021-07-11,37856.0,22.2,19.4,23.4,1,7,6,192
2021-07-12,42231.0,20.6,18.4,24.4,0,7,0,193
2021-07-13,41863.0,24.4,22.1,30.1,0,7,1,194
2021-07-14,35405.0,18.9,16.9,23.1,2,7,2,195
2021-07-15,42842.0,20.9,18.2,25.6,0,7,3,196
2021-07-16,43325.0,22.8,18.5,26.9,0,7,4,197
2021-07-17,37114.0,25.1,22.9,28.5,1,7,5,198
2021-07-18,37014.0,21.9,18.7,23.6,1,7,6,199
2021-07-19,42402.0,20.9,18.5,25.1,0,7,0,200
2021-07-20,41732.0,25.7,23.0,29.0,0,7,1,201
2021-07-21,41918.0,19.1,17.6,22.3,0,7,2,202
2021-07-22,42637.0,17.6,14.8,21.1,0,7,3,203
2021-07-23,40535.0,22.8,20.0,28.6,0,7,4,204
2021-07-24,38638.0,20.9,17.4,27.3,1,7,5,205
2021-07-25,37665.0,19.9,16.6,24.1,1,7,6,206
2021-07-26,41804.0,23.3,21.5,26.8,0,7,0,207
2021-07-27,42092.0,22.3,18.2,25.1,0,7,1,208
2021-07-28,42165.0,20.7,17.5,25.1,0,7,2,209
2021-07-29,40846.0,19.2,16.0,25.0,0,7,3,210
2021-07-30,43465.0,23.5,20.5,27.2,0,7,4,211
2021-07-31,37843.0,23.0,20.5,24.6,1,7,5,212
2021-08-01,38208.0,21.4,18.2,26.1,1,8,6,213
2021-08-02,43162.0,25.3,21.8,30.3,0,8,0,214
2021-08-03,41633.0,19.4,18.2,21.8,0,8,1,215
2021-08-04,42882.0,18.4,16.0,22.6,0,8,2,216
2021-08-05,42344.0,20.1,17.3,24.5,0,8,3,217
2021-08-06,43294.0,21.3,18.0,25.2,0,8,4,218
2021-08-07,36475.0,21.8,17.6,25.0,1,8,5,219
2021-08-08,38161.0,20.8,18.5,25.8,1,8,6,220
2021-08-09,42325.0,21.9,19.4,25.5,0,8,0,221
2021-08-10,43222.0,18.6,16.1,21.1,0,8,1,222
2021-08-11,43324.0,23.9,21.7,25.9,0,8,2,223
2021-08-12,42456.0,20.8,18.2,26.1,0,8,3,224
2021-08-13,42530.0,23.1,19.4,27.8,0,8,4,225
2021-08-14,38591.0,21.5,19.6,25.6,1,8,5,226
2021-08-15,32045.0,21.7,18.2,25.2,2,8,6,227
2021-08-16,44021.0,21.8,20.5,25.3,0,8,0,228
2021-08-17,43139.0,21.5,19.0,24.4,0,8,1,229
2021-08-18,41199.0,21.8,19.1,25.3,0,8,2,230
2021-08-19,43317.0,23.0,18.4,24.9,0,8,3,231
2021-08-20,42881.0,20.7,18.0,23.9,0,8,4,232
2021-08-21,38005.0,21.6,20.8,25.3,1,8,5,233
2021-08-22,38420.0,19.9,18.9,24.5,1,8,6,234
2021-08-23,44100.0,22.9,19.8,26.8,0,8,0,235
2021-08-24,45180.0,18.5,14.9,23.3,0,8,1,236
2021-08-25,44475.0,23.4,20.0,28.7,0,8,2,237
2021-08-26,43848.0,19.6,16.4,24.6,0,8,3,238
2021-08-27,45576.0,16.7,12.5,21.2,0,8,4,239
2021-08-28,39692.0,19.7,17.2,23.7,1,8,5,240
2021-08-29,39619.0,18.0,14.1,21.0,1,8,6,241
2021-08-30,43870.0,20.9,19.5,25.6,0,8,0,242
2021-08-31,43512.0,17.8,15.7,23.5,0,8,1,243
2021-09-01,44724.0,18.1,16.9,22.4,0,9,2,244
2021-09-02,50137.0,15.1,12.3,21.0,0,9,3,245
2021-09-03,45210.0,17.8,14.9,20.3,0,9,4,246
2021-09-04,48743.0,13.7,10.6,16.6,1,9,5,247
2021-09-05,44576.0,15.3,12.2,20.1,1,9,6,248
2021-09-06,46166.0,19.8,17.8,24.1,0,9,0,249
2021-09-07,44760.0,19.8,16.9,25.1,0,9,1,250
2021-09-08,46570.0,18.9,17.4,22.9,0,9,2,251
2021-09-09,47839.0,16.0,11.6,19.1,0,9,3,252
2021-09-10,45625.0,17.7,15.0,21.5,0,9,4,253
2021-09-11,40695.0,17.6,15.1,20.1,1,9,5,254
2021-09-12,46181.0,15.2,10.6,18.0,1,9,6,255
2021-09-13,47437.0,20.4,18.6,25.3,0,9,0,256
2021-09-14,47215.0,19.0,17.1,23.8,0,9,1,257
2021-09-15,48714.0,16.6,14.7,21.0,0,9,2,258
2021-09-16,47632.0,17.0,14.0,19.2,0,9,3,259
2021-09-17,46368.0,17.2,13.7,20.8,0,9,4,260
2021-09-18,53853.0,12.5,8.8,15.3,1,9,5,261
2021-09-19,45058.0,15.9,10.4,21.1,1,9,6,262
2021-09-20,53963.0,14.9,14.2,18.3,0,9,0,263
2021-09-21,54086.0,14.1,10.5,17.0,0,9,1,264
2021-09-22,52706.0,15.4,13.0,19.4,0,9,2,265
2021-09-23,48897.0,19.4,17.0,22.8,0,9,3,266
2021-09-24,49959.0,16.9,14.6,22.4,0,9,4,267
2021-09-25,50290.0,14.4,12.3,17.6,1,9,5,268
2021-09-26,46036.0,16.5,11.8,19.1,1,9,6,269
2021-09-27,50653.0,18.0,14.1,19.8,0,9,0,270
2021-09-28,48854.0,16.9,13.8,20.8,0,9,1,271
2021-09-29,53021.0,15.0,10.6,18.4,0,9,2,272
2021-09-30,56857.0,13.4,11.9,16.0,0,9,3,273
2021-10-01,52787.0,15.9,14.2,21.1,0,10,4,274
2021-10-02,48319.0,15.1,14.3,19.8,1,10,5,275
2021-10-03,47606.0,16.0,13.7,19.9,1,10,6,276
2021-10-04,54643.0,15.3,12.1,20.6,0,10,0,277
2021-10-05,52960.0,15.9,12.8,20.6,0,10,1,278
2021-10-06,61670.0,12.6,9.5,15.8,0,10,2,279
2021-10-07,52839.0,16.1,14.5,19.1,0,10,3,280
2021-10-08,59880.0,13.7,9.9,18.5,0,10,4,281
2021-10-09,45579.0,17.3,14.1,21.7,1,10,5,282
2021-10-10,59446.0,11.6,7.9,15.8,1,10,6,283
2021-10-11,52343.0,16.3,15.2,19.4,0,10,0,284
2021-10-12,61917.0,13.0,9.7,17.6,0,10,1,285
2021-10-13,66821.0,11.2,9.4,14.4,0,10,2,286
2021-10-14,66226.0,11.3,8.7,15.2,0,10,3,287
2021-10-15,66597.0,11.5,8.0,16.9,0,10,4,288
2021-10-16,57087.0,12.8,9.7,16.1,1,10,5,289
2021-10-17,59473.0,12.8,10.7,15.3,1,10,6,290
2021-10-18,69942.0,10.5,7.5,13.4,0,10,0,291
2021-10-19,67167.0,11.4,9.9,16.4,0,10,1,292
2021-10-20,57772.0,15.6,11.4,19.8,0,10,2,293
2021-10-21,57696.0,14.6,11.8,18.4,0,10,3,294
2021-10-22,65657.0,11.8,7.7,15.3,0,10,4,295
2021-10-23,63579.0,10.8,8.4,15.3,1,10,5,296
2021-10-24,64931.0,10.8,8.3,14.0,1,10,6,297
2021-10-25,66142.0,11.6,9.4,15.9,0,10,0,298
2021-10-26,76364.0,8.2,4.3,11.5,0,10,1,299
2021-10-27,73619.0,9.6,7.3,12.7,0,10,2,300
2021-10-28,80725.0,6.6,2.9,9.9,0,10,3,301
2021-10-29,70645.0,10.5,7.9,14.2,0,10,4,302
2021-10-30,64473.0,10.9,9.8,14.8,1,10,5,303
2021-10-31,70821.0,8.4,6.0,12.7,1,10,6,304
2021-11-01,61293.0,12.4,10.6,12.7,2,11,0,305
2021-11-02,81493.0,6.6,3.6,9.8,0,11,1,306
2021-11-03,82606.0,6.0,4.2,9.6,0,11,2,307
2021-11-04,74430.0,9.2,5.3,14.7,0,11,3,308
2021-11-05,69599.0,10.7,7.8,13.6,0,11,4,309
2021-11-06,63243.0,11.8,9.0,16.0,1,11,5,310
2021-11-07,76904.0,7.3,3.7,12.8,1,11,6,311
2021-11-08,71719.0,10.3,6.3,12.9,0,11,0,312
2021-11-09,79034.0,7.9,4.9,12.3,0,11,1,313
2021-11-10,80908.0,7.4,5.2,10.6,0,11,2,314
2021-11-11,68361.0,9.4,8.2,12.9,2,11,3,315
2021-11-12,77209.0,8.8,6.5,12.0,0,11,4,316
2021-11-13,84990.0,4.2,1.8,7.4,1,11,5,317
2021-11-14,69515.0,10.1,7.0,16.8,1,11,6,318
2021-11-15,77307.0,9.8,7.1,14.6,0,11,0,319
2021-11-16,84226.0,5.6,1.9,10.7,0,11,1,320
2021-11-17,81816.0,7.5,5.1,12.0,0,11,2,321
2021-11-18,80849.0,7.6,4.6,10.0,0,11,3,322
2021-11-19,83275.0,7.0,2.8,11.4,0,11,4,323
2021-11-20,83063.0,5.2,1.9,10.3,1,11,5,324
2021-11-21,83222.0,4.8,1.9,8.0,1,11,6,325
2021-11-22,85747.0,6.0,3.6,10.9,0,11,0,326
2021-11-23,78566.0,8.2,5.9,12.9,0,11,1,327
2021-11-24,84154.0,6.8,4.7,12.7,0,11,2,328
2021-11-25,88948.0,4.9,2.4,8.5,0,11,3,329
2021-11-26,83969.0,7.0,3.3,9.9,0,11,4,330
2021-11-27,98359.0,-0.3,-3.1,3.3,1,11,5,331
2021-11-28,78267.0,7.5,5.9,13.0,1,11,6,332
2021-11-29,97473.0,1.6,-3.1,3.8,0,11,0,333
2021-11-30,90196.0,4.2,0.9,6.2,0,11,1,334
2021-12-01,94542.0,2.6,1.0,6.7,0,12,2,335
2021-12-02,97354.0,2.1,-0.4,5.7,0,12,3,336
2021-12-03,85686.0,6.9,3.8,10.9,0,12,4,337
2021-12-04,88392.0,3.6,-1.1,8.5,1,12,5,338
2021-12-05,84943.0,5.1,3.2,8.5,1,12,6,339
2021-12-06,91036.0,4.2,0.2,6.3,0,12,0,340
2021-12-07,90457.0,5.1,0.7,11.2,0,12,1,341
2021-12-08,92423.0,4.2,1.8,7.2,0,12,2,342
2021-12-09,100000.0,1.4,-1.3,4.3,0,12,3,343
2021-12-10,87308.0,5.9,3.9,11.0,0,12,4,344
2021-12-11,91004.0,2.8,-0.0,6.4,1,12,5,345
2021-12-12,97143.0,0.6,-2.4,4.5,1,12,6,346
2021-12-13,96661.0,2.7,-0.9,7.2,0,12,0,347
2021-12-14,86646.0,6.5,2.4,11.6,0,12,1,348
2021-12-15,89684.0,5.1,2.8,8.8,0,12,2,349
2021-12-16,97384.0,2.6,1.6,8.1,0,12,3,350
2021-12-17,97552.0,2.5,-0.5,4.4,0,12,4,351
2021-12-18,91888.0,2.5,-0.8,7.3,1,12,5,352
2021-12-19,81988.0,7.2,4.0,10.4,1,12,6,353
2021-12-20,95079.0,3.7,1.1,9.1,0,12,0,354
2021-12-21,94266.0,3.8,0.6,7.9,0,12,1,355
2021-12-22,91468.0,4.9,0.4,8.2,0,12,2,356
2021-12-23,96042.0,3.3,-0.1,7.9,0,12,3,357
2021-12-24,97626.0,2.2,-0.4,7.1,0,12,4,358
2021-12-25,87744.0,2.3,-0.2,6.9,2,12,5,359
2021-12-26,91582.0,2.4,-0.4,5.4,1,12,6,360
2021-12-27,98532.0,2.5,-2.2,6.0,0,12,0,361
2021-12-28,92946.0,3.9,1.1,7.9,0,12,1,362
2021-12-29,98955.0,2.5,-0.5,6.5,0,12,2,363
2021-12-30,94254.0,3.8,1.3,8.6,0,12,3,364
2021-12-31,98574.0,2.2,-1.9,4.2,0,12,4,365
2022-01-01,87093.0,2.4,-2.5,6.8,2,1,5,1
2022-01-02,100000.0,-1.7,-5.2,2.0,1,1,6,2
2022-01-03,95309.0,4.0,1.0,7.2,0,1,0,3
2022-01-04,95152.0,2.9,-0.2,6.1,0,1,1,4
2022-01-05,95014.0,4.1,3.5,7.9,0,1,2,5
2022-01-06,100000.0,-3.7,-7.4,-3.3,0,1,3,6
2022-01-07,87761.0,6.3,3.1,9.6,0,1,4,7
2022-01-08,94584.0,1.8,-1.6,4.9,1,1,5,8
2022-01-09,90614.0,4.3,2.0,8.8,1,1,6,9
2022-01-10,100000.0,-0.0,-2.7,3.2,0,1,0,10
2022-01-11,95431.0,3.2,0.7,7.0,0,1,1,11
2022-01-12,100000.0,-0.1,-4.1,5.4,0,1,2,12
2022-01-13,100000.0,0.8,-1.9,5.8,0,1,3,13
2022-01-14,89174.0,5.8,0.7,10.7,0,1,4,14
2022-01-15,96127.0,1.6,-1.8,5.1,1,1,5,15
2022-01-16,93087.0,2.4,0.7,7.0,1,1,6,16
2022-01-17,96010.0,3.7,0.9,7.5,0,1,0,17
2022-01-18,97824.0,3.0,0.7,6.8,0,1,1,18
2022-01-19,99091.0,2.3,1.5,6.7,0,1,2,19
2022-01-20,97835.0,2.8,-1.8,6.2,0,1,3,20
2022-01-21,88705.0,6.9,3.2,12.4,0,1,4,21
2022-01-22,95034.0,2.0,-1.6,5.8,1,1,5,22
2022-01-23,92718.0,2.5,-0.7,7.1,1,1,6,23
2022-01-24,94187.0,4.2,2.6,9.7,0,1,0,24
2022-01-25,95124.0,4.4,1.8,9.4,0,1,1,25
2022-01-26,92127.0,4.6,0.7,7.1,0,1,2,26
2022-01-27,95273.0,3.5,1.5,7.9,0,1,3,27
2022-01-28,100000.0,-0.0,-0.5,4.8,0,1,4,28
2022-01-29,85778.0,5.6,2.8,10.4,1,1,5,29
2022-01-30,98786.0,0.0,-2.8,2.9,1,1,6,30
2022-01-31,97565.0,3.0,-0.2,6.3,0,1,0,31
2022-02-01,100000.0,0.9,-2.8,5.9,0,2,1,32
2022-02-02,98311.0,2.3,-1.3,5.6,0,2,2,33
2022-02-03,95278.0,3.2,-0.1,6.9,0,2,3,34
2022-02-04,94600.0,3.2,-1.0,8.8,0,2,4,35
2022-02-05,90835.0,3.5,2.0,7.4,1,2,5,36
2022-02-06,85334.0,5.9,2.4,9.2,1,2,6,37
2022-02-07,94905.0,3.7,0.1,6.8,0,2,0,38
2022-02-08,97774.0,2.4,0.6,6.7,0,2,1,39
2022-02-09,91017.0,4.8,3.3,7.5,0,2,2,40
2022-02-10,89231.0,5.4,3.1,9.1,0,2,3,41
2022-02-11,100000.0,0.6,-1.7,4.9,0,2,4,42
2022-02-12,88756.0,4.3,0.6,9.6,1,2,5,43
2022-02-13,85986.0,4.6,2.2,9.3,1,2,6,44
2022-02-14,97695.0,2.7,0.6,6.0,0,2,0,45
2022-02-15,88214.0,6.1,3.8,11.3,0,2,1,46
2022-02-16,96193.0,3.2,-0.9,6.9,0,2,2,47
2022-02-17,92301.0,3.8,0.8,6.6,0,2,3,48
2022-02-18,93447.0,3.3,0.5,7.1,0,2,4,49
2022-02-19,88640.0,3.8,0.9,9.2,1,2,5,50
2022-02-20,94375.0,1.7,-2.6,5.8,1,2,6,51
2022-02-21,100000.0,1.1,-1.2,5.1,0,2,0,52
2022-02-22,84867.0,7.3,2.9,12.9,0,2,1,53
2022-02-23,95945.0,2.5,-0.7,5.0,0,2,2,54
2022-02-24,95661.0,2.3,-0.5,5.0,0,2,3,55
2022-02-25,100000.0,0.1,-5.4,2.5,0,2,4,56
2022-02-26,88667.0,3.2,1.3,7.6,1,2,5,57
2022-02-27,93760.0,2.0,-0.7,6.1,1,2,6,58
2022-02-28,81494.0,8.0,6.3,13.6,0,2,0,59
2022-03-01,85737.0,6.9,2.9,11.1,0,3,1,60
2022-03-02,93072.0,3.6,-1.1,7.2,0,3,2,61
2022-03-03,77284.0,9.6,4.9,13.6,0,3,3,62
2022-03-04,82892.0,7.2,3.0,11.3,0,3,4,63
2022-03-05,84621.0,4.7,1.9,7.0,1,3,5,64
2022-03-06,95656.0,0.5,-2.2,7.2,1,3,6,65
2022-03-07,75463.0,10.2,8.9,14.7,0,3,0,66
2022-03-08,92862.0,3.0,-2.1,7.2,0,3,1,67
2022-03-09,94011.0,2.6,-0.9,7.2,0,3,2,68
2022-03-10,80386.0,8.1,5.6,12.8,0,3,3,69
2022-03-11,71049.0,11.0,6.7,14.9,0,3,4,70
2022-03-12,73404.0,9.1,7.0,12.4,1,3,5,71
2022-03-13,75857.0,7.6,4.2,12.2,1,3,6,72
2022-03-14,79561.0,7.8,4.9,12.2,0,3,0,73
2022-03-15,77331.0,8.4,4.8,11.6,0,3,1,74
2022-03-16,77203.0,8.4,5.5,13.8,0,3,2,75
2022-03-17,79423.0,7.6,6.0,11.9,0,3,3,76
2022-03-18,80300.0,7.4,4.3,12.1,0,3,4,77
2022-03-19,78233.0,7.2,3.2,12.6,1,3,5,78
2022-03-20,79172.0,6.0,3.0,10.0,1,3,6,79
2022-03-21,81328.0,7.1,3.3,11.4,0,3,0,80
2022-03-22,88024.0,4.4,2.4,9.2,0,3,1,81
2022-03-23,79286.0,7.7,4.8,11.0,0,3,2,82
2022-03-24,83018.0,6.1,3.8,10.2,0,3,3,83
2022-03-25,82142.0,6.1,2.3,10.2,0,3,4,84
2022-03-26,72781.0,8.8,5.8,11.8,1,3,5,85
2022-03-27,66441.0,11.4,7.7,17.7,1,3,6,86
2022-03-28,69949.0,10.6,6.5,13.2,0,3,0,87
2022-03-29,82349.0,5.8,2.1,8.5,0,3,1,88
2022-03-30,79465.0,7.1,3.8,12.4,0,3,2,89
2022-03-31,68688.0,11.1,9.1,15.8,0,3,3,90
2022-04-01,78900.0,7.4,4.4,10.4,0,4,4,91
2022-04-02,69040.0,9.1,6.7,13.7,1,4,5,92
2022-04-03,66896.0,10.8,8.2,16.3,1,4,6,93
2022-04-04,77620.0,8.0,5.3,11.9,0,4,0,94
2022-04-05,70879.0,10.3,8.3,16.9,0,4,1,95
2022-04-06,78135.0,7.6,6.5,9.9,0,4,2,96
2022-04-07,73941.0,9.2,6.9,13.9,0,4,3,97
2022-04-08,67404.0,11.2,8.0,16.4,0,4,4,98
2022-04-09,71669.0,7.6,5.9,12.5,1,4,5,99
2022-04-10,61618.0,11.8,8.8,15.6,1,4,6,100
2022-04-11,68446.0,11.1,6.2,14.8,0,4,0,101
2022-04-12,64407.0,12.4,8.4,16.8,0,4,1,102
2022-04-13,64076.0,11.9,7.2,16.7,0,4,2,103
2022-04-14,58392.0,14.3,10.9,18.9,0,4,3,104
2022-04-15,64568.0,12.0,7.9,17.1,0,4,4,105
2022-04-16,62237.0,11.1,8.8,14.1,1,4,5,106
2022-04-17,60515.0,12.4,10.0,16.1,1,4,6,107
2022-04-18,59621.0,13.4,13.1,16.4,0,4,0,108
2022-04-19,63004.0,12.6,8.4,16.2,0,4,1,109
2022-04-20,63231.0,12.7,8.2,17.7,0,4,2,110
2022-04-21,66968.0,11.4,9.0,15.5,0,4,3,111
2022-04-22,64032.0,11.7,8.9,18.3,0,4,4,112
2022-04-23,63348.0,10.4,8.1,14.5,1,4,5,113
2022-04-24,47052.0,16.8,13.4,20.9,1,4,6,114
2022-04-25,65624.0,11.0,6.9,15.1,0,4,0,115
2022-04-26,62039.0,12.3,11.0,15.6,0,4,1,116
2022-04-27,62001.0,12.4,9.0,16.3,0,4,2,117
2022-04-28,50968.0,15.8,13.1,20.9,0,4,3,118
2022-04-29,58900.0,13.6,10.5,17.7,0,4,4,119
2022-04-30,45655.0,16.8,13.4,20.0,1,4,5,120
2022-05-01,48398.0,13.2,10.4,16.2,2,5,6,121
2022-05-02,55369.0,15.2,12.3,18.8,0,5,0,122
2022-05-03,58184.0,13.2,10.4,17.2,0,5,1,123
2022-05-04,48669.0,19.3,15.3,24.5,0,5,2,124
2022-05-05,60930.0,12.8,9.4,15.5,0,5,3,125
2022-05-06,50614.0,16.0,12.7,19.6,0,5,4,126
2022-05-07,44153.0,16.8,15.0,20.9,1,5,5,127
2022-05-08,39013.0,16.5,13.9,18.7,2,5,6,128
2022-05-09,52740.0,15.4,11.5,18.6,0,5,0,129
2022-05-10,51401.0,15.7,12.7,19.0,0,5,1,130
2022-05-11,48782.0,16.2,12.6,19.4,0,5,2,131
2022-05-12,49798.0,16.0,11.2,20.2,0,5,3,132
2022-05-13,47070.0,18.4,14.3,22.2,0,5,4,133
2022-05-14,42841.0,21.0,17.9,24.5,1,5,5,134
2022-05-15,46505.0,15.6,13.1,20.1,1,5,6,135
2022-05-16,54533.0,14.2,13.7,19.9,0,5,0,136
2022-05-17,45847.0,16.9,14.0,22.5,0,5,1,137
2022-05-18,47654.0,22.4,19.7,24.4,0,5,2,138
2022-05-19,50017.0,15.7,12.3,20.3,0,5,3,139
2022-05-20,47619.0,20.8,17.9,24.6,0,5,4,140
2022-05-21,42224.0,21.0,18.3,25.1,1,5,5,141
2022-05-22,43444.0,16.7,15.4,20.3,1,5,6,142
2022-05-23,46461.0,19.1,17.0,23.2,0,5,0,143
2022-05-24,47026.0,21.3,17.8,25.5,0,5,1,144
2022-05-25,46231.0,17.4,12.7,20.8,0,5,2,145
2022-05-26,45601.0,17.9,15.0,21.0,0,5,3,146
2022-05-27,47364.0,17.3,14.0,20.8,0,5,4,147
2022-05-28,42741.0,16.6,12.6,20.8,1,5,5,148
2022-05-29,41246.0,17.4,15.2,22.0,1,5,6,149
2022-05-30,45661.0,16.4,13.0,21.2,0,5,0,150
2022-05-31,44006.0,19.0,16.8,22.5,0,5,1,151
2022-06-01,45148.0,17.5,13.7,21.8,0,6,2,152
2022-06-02,44910.0,19.7,16.5,24.6,0,6,3,153
2022-06-03,46151.0,16.2,12.9,21.4,0,6,4,154
2022-06-04,40172.0,20.1,17.9,24.0,1,6,5,155
2022-06-05,41216.0,21.2,17.5,25.0,1,6,6,156
2022-06-06,48192.0,15.7,10.6,19.9,0,6,0,157
2022-06-07,43311.0,20.5,18.5,23.4,0,6,1,158
2022-06-08,44028.0,22.3,19.7,26.1,0,6,2,159
2022-06-09,43368.0,17.6,14.3,22.3,0,6,3,160
2022-06-10,43600.0,23.4,19.6,28.1,0,6,4,161
2022-06-11,38979.0,21.0,18.6,24.8,1,6,5,162
2022-06-12,38830.0,18.9,18.7,23.1,1,6,6,163
2022-06-13,42613.0,20.3,15.9,23.4,0,6,0,164
2022-06-14,43422.0,21.6,17.8,26.3,0,6,1,165
2022-06-15,42986.0,20.7,19.5,24.6,0,6,2,166
2022-06-16,41003.0,21.7,19.3,25.5,0,6,3,167
2022-06-17,44904.0,18.9,14.3,22.5,0,6,4,168
2022-06-18,39551.0,21.2,16.7,25.1,1,6,5,169
2022-06-19,38299.0,18.1,14.1,21.6,1,6,6,170
2022-06-20,43038.0,20.8,17.9,25.4,0,6,0,171
2022-06-21,42011.0,19.2,16.2,22.8,0,6,1,172
2022-06-22,44233.0,19.7,16.8,25.2,0,6,2,173
2022-06-23,44325.0,23.7,19.5,29.1,0,6,3,174
2022-06-24,42866.0,23.4,21.3,26.6,0,6,4,175
2022-06-25,38996.0,22.5,20.3,26.6,1,6,5,176
2022-06-26,38256.0,19.2,15.2,22.5,1,6,6,177
2022-06-27,41489.0,20.8,17.9,24.5,0,6,0,178
2022-06-28,42173.0,23.9,19.5,29.9,0,6,1,179
2022-06-29,42556.0,21.8,19.5,25.5,0,6,2,180
2022-06-30,42037.0,26.2,23.3,30.6,0,6,3,181
2022-07-01,42179.0,22.4,20.4,27.0,0,7,4,182
2022-07-02,37737.0,22.1,19.1,25.1,1,7,5,183
2022-07-03,37704.0,21.1,19.6,24.3,1,7,6,184
2022-07-04,42272.0,22.0,19.5,24.8,0,7,0,185
2022-07-05,41347.0,21.5,19.9,24.6,0,7,1,186
2022-07-06,41589.0,23.3,19.6,24.4,0,7,2,187
2022-07-07,41106.0,23.8,20.1,28.3,0,7,3,188
2022-07-08,42889.0,20.3,19.1,26.4,0,7,4,189
2022-07-09,35899.0,19.3,14.9,23.4,1,7,5,190
2022-07-10,38485.0,18.3,12.8,20.8,1,7,6,191
2022-07-11,43154.0,23.0,19.9,26.3,0,7,0,192
2022-07-12,41788.0,19.8,17.4,23.3,0,7,1,193
2022-07-13,39936.0,17.7,11.9,20.7,0,7,2,194
2022-07-14,35720.0,22.8,21.1,27.6,2,7,3,195
2022-07-15,41952.0,27.0,24.0,31.8,0,7,4,196
2022-07-16,36692.0,22.0,18.8,24.8,1,7,5,197
2022-07-17,37088.0,23.7,19.3,28.4,1,7,6,198
2022-07-18,43227.0,22.2,18.8,27.7,0,7,0,199
2022-07-19,42541.0,21.8,19.3,27.7,0,7,1,200
2022-07-20,41278.0,23.8,21.8,30.7,0,7,2,201
2022-07-21,40752.0,21.4,18.7,24.5,0,7,3,202
2022-07-22,41783.0,22.5,20.5,29.3,0,7,4,203
2022-07-23,37392.0,22.6,19.5,26.2,1,7,5,204
2022-07-24,37980.0,20.6,18.1,24.0,1,7,6,205
2022-07-25,41679.0,23.9,22.4,28.2,0,7,0,206
2022-07-26,42543.0,21.5,17.3,24.9,0,7,1,207
2022-07-27,43711.0,20.3,17.8,24.7,0,7,2,208
2022-07-28,42848.0,22.9,21.1,25.6,0,7,3,209
2022-07-29,42192.0,20.0,17.1,23.7,0,7,4,210
2022-07-30,37622.0,21.8,18.7,27.1,1,7,5,211
2022-07-31,37525.0,21.7,20.4,25.6,1,7,6,212
2022-08-01,43298.0,23.8,20.5,28.0,0,8,0,213
2022-08-02,41899.0,22.5,20.6,27.0,0,8,1,214
2022-08-03,42487.0,21.5,16.8,26.7,0,8,2,215
2022-08-04,42544.0,23.1,19.6,25.5,0,8,3,216
2022-08-05,42157.0,24.2,21.6,28.8,0,8,4,217
2022-08-06,37018.0,22.5,20.2,26.2,1,8,5,218
2022-08-07,38435.0,21.3,18.4,25.5,1,8,6,219
2022-08-08,42692.0,18.6,15.0,23.7,0,8,0,220
2022-08-09,43207.0,19.1,16.1,21.9,0,8,1,221
2022-08-10,42449.0,20.5,17.7,23.5,0,8,2,222
2022-08-11,43925.0,19.8,16.8,21.9,0,8,3,223
2022-08-12,42321.0,20.6,18.2,24.1,0,8,4,224
2022-08-13,39969.0,21.0,18.4,26.3,1,8,5,225
2022-08-14,37281.0,21.9,21.0,25.8,1,8,6,226
2022-08-15,37610.0,20.6,16.6,23.3,2,8,0,227
2022-08-16,43727.0,21.6,18.3,25.1,0,8,1,228
2022-08-17,42798.0,20.7,18.5,23.2,0,8,2,229
2022-08-18,45053.0,16.5,11.6,19.4,0,8,3,230
2022-08-19,44641.0,18.5,15.4,22.9,0,8,4,231
2022-08-20,37439.0,20.0,18.0,22.8,1,8,5,232
2022-08-21,39712.0,17.8,13.9,22.9,1,8,6,233
2022-08-22,41915.0,21.3,17.9,25.2,0,8,0,234
2022-08-23,43240.0,23.0,19.7,27.1,0,8,1,235
2022-08-24,45420.0,22.3,19.7,26.0,0,8,2,236
2022-08-25,43759.0,19.3,15.9,24.1,0,8,3,237
2022-08-26,43394.0,22.6,19.9,27.4,0,8,4,238
2022-08-27,39787.0,19.9,16.3,24.2,1,8,5,239
2022-08-28,41713.0,18.8,17.7,23.3,1,8,6,240
2022-08-29,43210.0,18.1,15.5,21.9,0,8,0,241
2022-08-30,43952.0,18.6,13.9,23.1,0,8,1,242
2022-08-31,46112.0,18.3,16.1,22.0,0,8,2,243
2022-09-01,46522.0,19.3,16.9,23.3,0,9,3,244
2022-09-02,45078.0,19.2,16.6,22.9,0,9,4,245
2022-09-03,39796.0,18.7,16.9,22.3,1,9,5,246
2022-09-04,42593.0,19.5,18.7,22.8,1,9,6,247
2022-09-05,46822.0,20.8,18.1,25.3,0,9,0,248
2022-09-06,46222.0,20.2,17.1,25.5,0,9,1,249
2022-09-07,49621.0,15.2,12.3,20.4,0,9,2,250
2022-09-08,56053.0,12.9,10.1,15.7,0,9,3,251
2022-09-09,45959.0,19.8,16.7,25.1,0,9,4,252
2022-09-10,46894.0,15.0,11.0,18.7,1,9,5,253
2022-09-11,43029.0,17.2,14.4,21.8,1,9,6,254
2022-09-12,51845.0,15.1,12.7,18.2,0,9,0,255
2022-09-13,53945.0,13.7,11.0,17.9,0,9,1,256
2022-09-14,47904.0,18.3,14.7,22.6,0,9,2,257
2022-09-15,47201.0,18.6,14.2,21.1,0,9,3,258
2022-09-16,50781.0,15.7,13.4,20.4,0,9,4,259
2022-09-17,57505.0,11.6,8.5,16.9,1,9,5,260
2022-09-18,45751.0,15.5,12.2,19.3,1,9,6,261
2022-09-19,47528.0,17.2,15.2,22.6,0,9,0,262
2022-09-20,56458.0,13.3,10.3,17.1,0,9,1,263
2022-09-21,47864.0,16.5,15.0,21.3,0,9,2,264
2022-09-22,50940.0,15.9,14.7,17.7,0,9,3,265
2022-09-23,50254.0,17.0,13.6,23.4,0,9,4,266
2022-09-24,45130.0,15.9,13.3,21.4,1,9,5,267
2022-09-25,52602.0,13.6,10.3,17.3,1,9,6,268
2022-09-26,49178.0,17.7,14.7,19.8,0,9,0,269
2022-09-27,54289.0,14.9,12.8,19.1,0,9,1,270
2022-09-28,54017.0,15.0,12.0,17.5,0,9,2,271
2022-09-29,58174.0,13.0,11.2,17.4,0,9,3,272
2022-09-30,57529.0,13.8,9.4,18.2,0,9,4,273
2022-10-01,55027.0,12.7,11.1,15.8,1,10,5,274
2022-10-02,50906.0,14.0,11.2,19.1,1,10,6,275
2022-10-03,50778.0,17.6,15.6,22.4,0,10,0,276
2022-10-04,65095.0,11.3,7.7,16.2,0,10,1,277
2022-10-05,66169.0,10.6,7.9,14.6,0,10,2,278
2022-10-06,51481.0,16.6,14.1,19.2,0,10,3,279
2022-10-07,61154.0,13.1,9.2,18.1,0,10,4,280
2022-10-08,58869.0,12.0,9.0,15.7,1,10,5,281
2022-10-09,51466.0,15.2,11.7,17.8,1,10,6,282
2022-10-10,63831.0,11.8,9.8,17.1,0,10,0,283
2022-10-11,53561.0,16.5,14.9,22.6,0,10,1,284
2022-10-12,59109.0,14.0,10.9,18.0,0,10,2,285
2022-10-13,65439.0,11.5,8.8,17.7,0,10,3,286
2022-10-14,51643.0,16.6,13.0,20.7,0,10,4,287
2022-10-15,62806.0,10.9,8.0,14.5,1,10,5,288
2022-10-16,55775.0,13.4,10.2,16.8,1,10,6,289
2022-10-17,63246.0,12.4,11.0,18.0,0,10,0,290
2022-10-18,58694.0,14.2,9.3,17.4,0,10,1,291
2022-10-19,57797.0,14.6,11.7,19.3,0,10,2,292
2022-10-20,68598.0,11.3,7.6,14.8,0,10,3,293
2022-10-21,72491.0,9.6,7.4,13.1,0,10,4,294
2022-10-22,62995.0,11.8,8.5,16.9,1,10,5,295
2022-10-23,66767.0,9.4,7.7,13.0,1,10,6,296
2022-10-24,59444.0,14.6,11.2,18.2,0,10,0,297
2022-10-25,68332.0,10.7,8.0,15.8,0,10,1,298
2022-10-26,71914.0,9.5,6.5,15.1,0,10,2,299
2022-10-27,69578.0,10.4,6.7,15.1,0,10,3,300
2022-10-28,79553.0,7.2,5.4,10.6,0,10,4,301
2022-10-29,72455.0,7.8,5.5,11.3,1,10,5,302
2022-10-30,63352.0,12.0,8.5,16.1,1,10,6,303
2022-10-31,77351.0,8.1,3.0,12.4,0,10,0,304
2022-11-01,75241.0,7.1,4.3,10.2,2,11,1,305
2022-11-02,70874.0,10.1,6.6,14.9,0,11,2,306
2022-11-03,70394.0,11.3,8.4,15.4,0,11,3,307
2022-11-04,73209.0,10.2,5.2,12.5,0,11,4,308
2022-11-05,66196.0,10.6,9.3,13.6,1,11,5,309
2022-11-06,77109.0,6.9,3.8,10.4,1,11,6,310
2022-11-07,84958.0,5.4,4.0,9.3,0,11,0,311
2022-11-08,70448.0,11.1,10.6,17.0,0,11,1,312
2022-11-09,79644.0,7.3,4.0,11.5,0,11,2,313
2022-11-10,79917.0,7.3,4.1,10.4,0,11,3,314
2022-11-11,68782.0,10.3,7.6,14.5,2,11,4,315
2022-11-12,73042.0,8.6,5.7,12.2,1,11,5,316
2022-11-13,74704.0,8.2,2.1,12.6,1,11,6,317
2022-11-14,69930.0,11.5,8.8,16.1,0,11,0,318
2022-11-15,84507.0,5.7,2.2,10.9,0,11,1,319
2022-11-16,78659.0,8.7,6.4,12.7,0,11,2,320
2022-11-17,81583.0,6.8,3.5,12.5,0,11,3,321
2022-11-18,81782.0,7.1,4.4,12.0,0,11,4,322
2022-11-19,71845.0,9.5,6.9,12.8,1,11,5,323
2022-11-20,77508.0,7.3,2.5,13.5,1,11,6,324
2022-11-21,82116.0,7.2,3.1,11.6,0,11,0,325
2022-11-22,80390.0,8.2,5.0,11.3,0,11,1,326
2022-11-23,88295.0,5.2,4.5,10.8,0,11,2,327
2022-11-24,91173.0,4.1,1.4,10.1,0,11,3,328
2022-11-25,91292.0,3.5,-2.2,7.5,0,11,4,329
2022-11-26,92421.0,1.5,-1.2,5.0,1,11,5,330
2022-11-27,73945.0,9.5,5.4,13.3,1,11,6,331
2022-11-28,94448.0,3.0,-1.4,7.7,0,11,0,332
2022-11-29,88664.0,4.7,1.4,9.9,0,11,1,333
2022-11-30,90754.0,4.4,2.3,9.0,0,11,2,334
2022-12-01,86394.0,5.5,4.9,9.6,0,12,3,335
2022-12-02,85890.0,6.4,2.7,11.9,0,12,4,336
2022-12-03,83057.0,6.3,4.2,10.0,1,12,5,337
2022-12-04,88401.0,3.3,0.2,8.4,1,12,6,338
2022-12-05,91307.0,4.1,2.3,7.8,0,12,0,339
2022-12-06,90724.0,4.8,2.1,9.3,0,12,1,340
2022-12-07,91914.0,3.7,0.6,7.6,0,12,2,341
2022-12-08,83732.0,7.3,4.0,11.2,0,12,3,342
2022-12-09,90660.0,4.9,3.1,8.6,0,12,4,343
2022-12-10,84310.0,5.3,1.1,10.7,1,12,5,344
2022-12-11,85334.0,5.1,2.7,8.4,1,12,6,345
2022-12-12,88402.0,6.0,4.7,9.3,0,12,0,346
2022-12-13,93435.0,3.9,1.0,10.1,0,12,1,347
2022-12-14,100000.0,0.9,-2.1,5.9,0,12,2,348
2022-12-15,92364.0,4.2,1.0,5.8,0,12,3,349
2022-12-16,98488.0,2.0,-2.4,5.4,0,12,4,350
2022-12-17,93273.0,2.2,-0.6,4.4,1,12,5,351
2022-12-18,88447.0,4.3,1.4,7.4,1,12,6,352
2022-12-19,89198.0,5.5,3.6,6.4,0,12,0,353
2022-12-20,95800.0,3.0,-0.8,6.9,0,12,1,354
2022-12-21,93972.0,3.5,0.3,6.4,0,12,2,355
2022-12-22,88016.0,6.2,3.7,10.3,0,12,3,356
2022-12-23,94940.0,3.3,2.2,5.6,0,12,4,357
2022-12-24,78620.0,7.9,3.5,12.0,1,12,5,358
2022-12-25,84117.0,3.8,2.0,7.4,2,12,6,359
2022-12-26,100000.0,-0.9,-3.3,4.6,0,12,0,360
2022-12-27,94504.0,4.0,0.7,9.4,0,12,1,361
2022-12-28,95583.0,3.2,1.4,8.0,0,12,2,362
2022-12-29,91890.0,5.0,3.5,8.7,0,12,3,363
2022-12-30,95256.0,3.7,2.8,9.7,0,12,4,364
2022-12-31,94888.0,2.1,-1.7,4.5,1,12,5,365
2023-01-01,93449.0,-0.2,-2.6,2.4,2,1,6,1
2023-01-02,99792.0,1.8,-4.1,5.7,0,1,0,2
2023-01-03,100000.0,0.5,-1.5,6.8,0,1,1,3
2023-01-04,100000.0,1.0,-1.1,4.8,0,1,2,4
2023-01-05,94371.0,3.3,0.9,7.1,0,1,3,5
2023-01-06,90860.0,5.5,2.2,8.0,0,1,4,6
2023-01-07,94465.0,2.9,0.4,7.8,1,1,5,7
2023-01-08,100000.0,-0.3,-3.9,4.6,1,1,6,8
2023-01-09,96508.0,2.9,0.9,7.7,0,1,0,9
2023-01-10,93686.0,4.4,2.8,7.8,0,1,1,10
2023-01-11,100000.0,0.8,-0.4,4.1,0,1,2,11
2023-01-12,100000.0,1.7,1.0,4.5,0,1,3,12
2023-01-13,98400.0,2.0,-0.4,6.1,0,1,4,13
2023-01-14,99504.0,0.4,-2.3,3.4,1,1,5,14
2023-01-15,92231.0,3.3,0.9,6.1,1,1,6,15
2023-01-16,99986.0,1.8,-2.5,5.3,0,1,0,16
2023-01-17,97653.0,2.8,-1.4,6.4,0,1,1,17
2023-01-18,100000.0,0.2,-2.4,3.7,0,1,2,18
2023-01-19,100000.0,1.1,-0.1,5.6,0,1,3,19
2023-01-20,94844.0,3.5,1.0,7.6,0,1,4,20
2023-01-21,97334.0,1.3,-1.1,5.0,1,1,5,21
2023-01-22,86060.0,5.5,3.2,9.7,1,1,6,22
2023-01-23,100000.0,1.3,-1.0,4.3,0,1,0,23
2023-01-24,98016.0,2.6,0.2,6.7,0,1,1,24
2023-01-25,94200.0,4.0,1.4,8.2,0,1,2,25
2023-01-26,100000.0,-0.7,-3.0,1.8,0,1,3,26
2023-01-27,100000.0,-1.3,-4.5,3.7,0,1,4,27
2023-01-28,100000.0,-0.8,-4.2,2.3,1,1,5,28
2023-01-29,87361.0,4.8,2.7,8.9,1,1,6,29
2023-01-30,100000.0,1.2,-3.0,6.4,0,1,0,30
2023-01-31,86373.0,7.5,5.5,12.4,0,1,1,31
2023-02-01,100000.0,1.3,-0.1,5.3,0,2,2,32
2023-02-02,96230.0,2.8,-0.5,6.5,0,2,3,33
2023-02-03,91922.0,5.6,3.4,10.6,0,2,4,34
2023-02-04,83127.0,6.6,3.3,11.3,1,2,5,35
2023-02-05,83451.0,6.8,6.2,10.2,1,2,6,36
2023-02-06,90857.0,5.1,0.7,8.3,0,2,0,37
2023-02-07,92099.0,4.8,1.1,6.7,0,2,1,38
2023-02-08,94264.0,4.0,2.5,8.2,0,2,2,39
2023-02-09,93391.0,4.5,2.9,8.4,0,2,3,40
2023-02-10,99654.0,1.9,-2.8,7.0,0,2,4,41
2023-02-11,96076.0,1.4,-0.8,5.8,1,2,5,42
2023-02-12,90777.0,3.1,1.0,8.5,1,2,6,43
2023-02-13,95622.0,2.9,2.1,6.2,0,2,0,44
2023-02-14,97468.0,2.4,-0.3,7.5,0,2,1,45
2023-02-15,91898.0,4.8,2.0,8.3,0,2,2,46
2023-02-16,89368.0,5.4,1.7,10.2,0,2,3,47
2023-02-17,94413.0,3.7,2.1,6.3,0,2,4,48
2023-02-18,82949.0,6.6,5.1,10.9,1,2,5,49
2023-02-19,93813.0,1.5,-2.0,3.5,1,2,6,50
2023-02-20,93290.0,3.5,-0.5,7.2,0,2,0,51
2023-02-21,96109.0,2.5,1.1,7.0,0,2,1,52
2023-02-22,100000.0,0.3,-3.8,3.8,0,2,2,53
2023-02-23,91898.0,4.0,1.0,7.0,0,2,3,54
2023-02-24,93216.0,4.0,-0.1,8.9,0,2,4,55
2023-02-25,79411.0,7.4,4.5,11.3,1,2,5,56
2023-02-26,83121.0,5.8,5.3,9.3,1,2,6,57
2023-02-27,94314.0,2.6,-0.3,6.6,0,2,0,58
2023-02-28,79608.0,8.4,4.4,15.1,0,2,1,59
2023-03-01,83633.0,7.3,5.2,12.4,0,3,2,60
2023-03-02,84472.0,6.1,3.5,11.3,0,3,3,61
2023-03-03,90599.0,4.6,1.8,9.1,0,3,4,62
2023-03-04,88387.0,3.3,3.2,7.5,1,3,5,63
2023-03-05,87725.0,4.6,-0.1,6.2,1,3,6,64
2023-03-06,83719.0,7.7,5.6,11.0,0,3,0,65
2023-03-07,77288.0,9.4,5.9,12.9,0,3,1,66
2023-03-08,78588.0,8.8,5.9,11.0,0,3,2,67
2023-03-09,89157.0,4.9,0.6,7.7,0,3,3,68
2023-03-10,92397.0,3.8,0.4,5.8,0,3,4,69
2023-03-11,78436.0,6.4,3.7,10.4,1,3,5,70
2023-03-12,87372.0,2.8,0.7,7.6,1,3,6,71
2023-03-13,81847.0,7.1,3.3,12.2,0,3,0,72
2023-03-14,84661.0,6.3,5.2,10.7,0,3,1,73
2023-03-15,85675.0,5.8,2.2,8.8,0,3,2,74
2023-03-16,91262.0,3.7,1.8,5.8,0,3,3,75
2023-03-17,78385.0,8.1,3.8,10.3,0,3,4,76
2023-03-18,77698.0,6.1,2.9,8.8,1,3,5,77
2023-03-19,82894.0,5.0,1.3,8.1,1,3,6,78
2023-03-20,94021.0,1.7,-1.3,5.6,0,3,0,79
2023-03-21,78306.0,7.6,6.3,10.6,0,3,1,80
2023-03-22,70493.0,11.3,9.2,15.7,0,3,2,81
2023-03-23,71018.0,11.3,7.6,15.0,0,3,3,82
2023-03-24,80325.0,7.2,4.0,11.2,0,3,4,83
2023-03-25,75725.0,7.1,2.9,12.2,1,3,5,84
2023-03-26,70048.0,9.4,6.0,12.2,1,3,6,85
2023-03-27,81150.0,6.6,4.6,11.0,0,3,0,86
2023-03-28,73300.0,9.4,7.1,13.3,0,3,1,87
2023-03-29,70913.0,10.4,7.3,14.1,0,3,2,88
2023-03-30,69023.0,11.5,10.8,16.4,0,3,3,89
2023-03-31,74922.0,9.0,4.4,13.9,0,3,4,90
2023-04-01,70236.0,9.0,5.6,12.1,1,4,5,91
2023-04-02,72094.0,7.8,3.6,11.6,1,4,6,92
2023-04-03,76403.0,8.1,6.7,12.4,0,4,0,93
2023-04-04,71217.0,9.5,5.2,13.2,0,4,1,94
2023-04-05,69542.0,10.8,5.6,15.4,0,4,2,95
2023-04-06,67219.0,12.1,10.4,16.4,0,4,3,96
2023-04-07,72886.0,8.8,5.0,14.6,0,4,4,97
2023-04-08,57022.0,13.6,10.6,16.0,1,4,5,98
2023-04-09,65976.0,10.2,8.8,14.1,1,4,6,99
2023-04-10,69367.0,10.9,7.4,14.0,0,4,0,100
2023-04-11,71036.0,9.6,5.8,14.2,0,4,1,101
2023-04-12,78626.0,6.4,4.0,8.8,0,4,2,102
2023-04-13,60462.0,13.2,9.0,17.6,0,4,3,103
2023-04-14,62254.0,13.1,11.8,16.5,0,4,4,104
2023-04-15,63793.0,11.2,9.7,14.5,1,4,5,105
2023-04-16,60038.0,12.1,9.0,14.6,1,4,6,106
2023-04-17,61451.0,13.2,10.1,16.7,0,4,0,107
2023-04-18,71516.0,9.2,6.9,14.3,0,4,1,108
2023-04-19,65480.0,11.4,7.6,15.4,0,4,2,109
2023-04-20,57620.0,14.2,10.7,18.9,0,4,3,110
2023-04-21,68571.0,10.3,6.5,16.0,0,4,4,111
2023-04-22,55254.0,13.6,10.7,17.8,1,4,5,112
2023-04-23,62739.0,10.4,6.8,13.9,1,4,6,113
2023-04-24,56732.0,14.3,11.7,18.7,0,4,0,114
2023-04-25,60469.0,13.4,8.4,16.9,0,4,1,115
2023-04-26,67261.0,10.4,8.3,13.9,0,4,2,116
2023-04-27,51794.0,16.2,11.1,18.6,0,4,3,117
2023-04-28,61943.0,12.5,9.5,17.5,0,4,4,118
2023-04-29,56033.0,12.6,10.9,16.2,1,4,5,119
2023-04-30,50164.0,14.7,10.4,18.9,1,4,6,120
2023-05-01,43357.0,16.8,13.7,19.8,2,5,0,121
2023-05-02,58789.0,12.6,8.8,17.1,0,5,1,122
2023-05-03,54616.0,15.0,10.7,18.2,0,5,2,123
2023-05-04,50362.0,15.9,12.5,19.7,0,5,3,124
2023-05-05,48950.0,16.6,14.2,21.4,0,5,4,125
2023-05-06,45786.0,15.7,11.7,20.5,1,5,5,126
2023-05-07,49529.0,14.8,11.8,18.7,1,5,6,127
2023-05-08,49717.0,14.0,10.3,16.2,2,5,0,128
2023-05-09,50449.0,16.0,15.1,23.0,0,5,1,129
2023-05-10,55113.0,13.8,10.4,19.6,0,5,2,130
2023-05-11,63704.0,10.3,7.9,15.0,0,5,3,131
2023-05-12,48083.0,17.2,12.5,20.4,0,5,4,132
2023-05-13,42616.0,18.3,14.6,22.1,1,5,5,133
2023-05-14,55977.0,11.9,8.6,15.3,1,5,6,134
2023-05-15,52217.0,14.7,11.2,20.0,0,5,0,135
2023-05-16,47245.0,18.1,16.1,22.4,0,5,1,136
2023-05-17,47993.0,21.2,16.5,24.4,0,5,2,137
2023-05-18,47271.0,17.2,12.2,20.8,0,5,3,138
2023-05-19,49107.0,15.9,12.5,21.0,0,5,4,139
2023-05-20,42217.0,17.1,12.5,22.7,1,5,5,140
2023-05-21,41676.0,20.4,18.0,25.9,1,5,6,141
2023-05-22,47531.0,16.5,14.3,21.2,0,5,0,142
2023-05-23,47541.0,16.3,13.3,20.1,0,5,1,143
2023-05-24,45818.0,17.1,13.7,17.8,0,5,2,144
2023-05-25,47783.0,16.3,13.7,20.6,0,5,3,145
2023-05-26,44884.0,18.6,15.0,22.6,0,5,4,146
2023-05-27,40234.0,21.7,18.4,25.8,1,5,5,147
2023-05-28,39805.0,19.2,17.2,23.3,1,5,6,148
2023-05-29,44007.0,18.2,14.7,20.9,0,5,0,149
2023-05-30,44187.0,18.3,14.4,22.8,0,5,1,150
2023-05-31,48070.0,15.8,12.7,20.5,0,5,2,151
2023-06-01,44200.0,20.9,16.7,25.5,0,6,3,152
2023-06-02,45204.0,19.1,17.3,24.0,0,6,4,153
2023-06-03,40203.0,19.0,15.5,23.6,1,6,5,154
2023-06-04,38484.0,25.8,24.0,29.4,1,6,6,155
2023-06-05,44969.0,20.2,18.3,24.1,0,6,0,156
2023-06-06,44982.0,18.2,15.8,22.3,0,6,1,157
2023-06-07,43429.0,18.9,16.9,23.0,0,6,2,158
2023-06-08,44453.0,22.2,19.7,27.2,0,6,3,159
2023-06-09,43327.0,20.2,17.4,24.9,0,6,4,160
2023-06-10,39488.0,17.2,13.4,23.3,1,6,5,161
2023-06-11,38298.0,22.0,19.3,28.2,1,6,6,162
2023-06-12,42278.0,19.0,17.5,23.0,0,6,0,163
2023-06-13,43311.0,24.1,20.0,24.3,0,6,1,164
2023-06-14,43426.0,22.6,20.5,27.9,0,6,2,165
2023-06-15,43116.0,19.7,16.7,23.1,0,6,3,166
2023-06-16,42400.0,23.2,19.8,26.4,0,6,4,167
2023-06-17,38442.0,20.9,17.7,24.5,1,6,5,168
2023-06-18,38895.0,22.5,18.4,26.1,1,6,6,169
2023-06-19,43064.0,21.9,18.4,26.5,0,6,0,170
2023-06-20,43169.0,19.3,17.1,21.7,0,6,1,171
2023-06-21,42412.0,19.8,14.6,22.7,0,6,2,172
2023-06-22,43814.0,23.2,20.0,27.5,0,6,3,173
2023-06-23,41866.0,20.5,17.7,25.1,0,6,4,174
2023-06-24,38631.0,20.5,16.5,25.1,1,6,5,175
2023-06-25,39123.0,19.4,16.2,22.6,1,6,6,176
2023-06-26,43001.0,22.2,18.8,25.3,0,6,0,177
2023-06-27,42396.0,25.6,20.1,29.1,0,6,1,178
2023-06-28,42080.0,19.4,16.6,23.6,0,6,2,179
2023-06-29,43279.0,21.6,18.9,27.1,0,6,3,180
2023-06-30,41262.0,24.4,21.3,26.4,0,6,4,181
2023-07-01,37078.0,21.5,17.4,25.3,1,7,5,182
2023-07-02,37492.0,22.6,21.1,25.3,1,7,6,183
2023-07-03,43259.0,19.6,18.6,22.0,0,7,0,184
2023-07-04,42534.0,22.6,20.2,27.6,0,7,1,185
2023-07-05,41421.0,21.4,20.1,26.0,0,7,2,186
2023-07-06,41915.0,23.8,21.2,28.3,0,7,3,187
2023-07-07,41642.0,24.2,20.7,29.2,0,7,4,188
2023-07-08,37039.0,27.1,25.0,30.6,1,7,5,189
2023-07-09,38366.0,23.1,21.5,26.6,1,7,6,190
2023-07-10,40965.0,22.6,19.5,28.8,0,7,0,191
2023-07-11,43332.0,22.3,18.5,26.1,0,7,1,192
2023-07-12,42693.0,21.3,20.0,26.0,0,7,2,193
2023-07-13,42891.0,22.7,18.8,26.7,0,7,3,194
2023-07-14,35639.0,21.4,17.6,23.6,2,7,4,195
2023-07-15,37383.0,22.3,18.4,24.3,1,7,5,196
2023-07-16,36354.0,24.6,20.4,28.1,1,7,6,197
2023-07-17,41581.0,20.0,14.8,25.0,0,7,0,198
2023-07-18,42398.0,24.3,21.6,29.1,0,7,1,199
2023-07-19,43046.0,24.6,21.5,29.5,0,7,2,200
2023-07-20,41132.0,21.7,19.2,24.8,0,7,3,201
2023-07-21,41738.0,17.7,14.7,23.3,0,7,4,202
2023-07-22,37424.0,20.7,16.2,23.8,1,7,5,203
2023-07-23,36446.0,24.5,22.9,28.7,1,7,6,204
2023-07-24,42556.0,21.9,19.7,25.9,0,7,0,205
2023-07-25,41528.0,19.9,15.5,23.7,0,7,1,206
2023-07-26,41977.0,20.9,16.8,26.2,0,7,2,207
2023-07-27,41801.0,23.5,20.9,26.8,0,7,3,208
2023-07-28,41564.0,22.9,19.0,25.5,0,7,4,209
2023-07-29,37725.0,21.3,18.0,25.3,1,7,5,210
2023-07-30,37596.0,21.0,16.5,24.6,1,7,6,211
2023-07-31,42012.0,20.9,17.8,28.3,0,7,0,212
2023-08-01,41771.0,19.8,15.8,24.5,0,8,1,213
2023-08-02,42656.0,24.8,19.2,28.4,0,8,2,214
2023-08-03,43773.0,20.9,17.3,23.8,0,8,3,215
2023-08-04,42615.0,23.9,20.9,26.1,0,8,4,216
2023-08-05,38855.0,24.5,20.8,27.5,1,8,5,217
2023-08-06,37004.0,23.4,20.7,27.5,1,8,6,218
2023-08-07,42803.0,20.5,15.1,25.9,0,8,0,219
2023-08-08,41863.0,22.1,18.9,27.2,0,8,1,220
2023-08-09,41626.0,21.1,18.4,25.4,0,8,2,221
2023-08-10,42285.0,19.3,17.2,23.0,0,8,3,222
2023-08-11,43902.0,21.7,17.6,26.0,0,8,4,223
2023-08-12,39283.0,18.6,14.8,22.1,1,8,5,224
2023-08-13,38794.0,23.3,20.8,29.0,1,8,6,225
2023-08-14,41953.0,19.9,16.3,23.7,0,8,0,226
2023-08-15,37105.0,21.1,19.6,25.1,2,8,1,227
2023-08-16,43588.0,21.2,18.0,23.0,0,8,2,228
2023-08-17,43575.0,20.0,16.6,23.9,0,8,3,229
2023-08-18,42050.0,21.6,16.9,26.5,0,8,4,230
2023-08-19,38405.0,19.4,17.2,22.4,1,8,5,231
2023-08-20,39161.0,22.0,20.3,25.3,1,8,6,232
2023-08-21,44239.0,17.5,15.4,22.3,0,8,0,233
2023-08-22,42153.0,20.3,18.7,22.9,0,8,1,234
2023-08-23,43883.0,23.9,19.5,28.9,0,8,2,235
2023-08-24,44231.0,17.9,13.3,21.4,0,8,3,236
2023-08-25,44904.0,18.4,15.1,22.0,0,8,4,237
2023-08-26,40388.0,20.7,16.5,23.6,1,8,5,238
2023-08-27,40411.0,19.9,16.8,24.3,1,8,6,239
2023-08-28,43919.0,20.1,17.2,26.6,0,8,0,240
2023-08-29,43149.0,20.3,17.6,25.1,0,8,1,241
2023-08-30,44479.0,20.5,17.8,23.6,0,8,2,242
2023-08-31,45715.0,21.3,19.9,26.4,0,8,3,243
2023-09-01,46151.0,19.8,16.5,23.5,0,9,4,244
2023-09-02,41229.0,18.4,15.4,23.7,1,9,5,245
2023-09-03,41131.0,20.1,16.3,24.9,1,9,6,246
2023-09-04,45720.0,22.4,19.3,23.4,0,9,0,247
2023-09-05,45102.0,18.2,15.4,21.2,0,9,1,248
2023-09-06,47145.0,16.4,14.2,21.3,0,9,2,249
2023-09-07,47149.0,20.4,17.3,24.6,0,9,3,250
2023-09-08,45195.0,17.8,14.1,20.8,0,9,4,251
2023-09-09,51461.0,13.6,11.7,16.9,1,9,5,252
2023-09-10,41469.0,19.5,16.4,21.6,1,9,6,253
2023-09-11,48527.0,16.6,13.3,20.5,0,9,0,254
2023-09-12,45386.0,17.3,15.0,23.5,0,9,1,255
2023-09-13,47125.0,18.0,15.6,22.8,0,9,2,256
2023-09-14,46213.0,17.6,14.3,23.8,0,9,3,257
2023-09-15,45818.0,18.5,16.6,23.4,0,9,4,258
2023-09-16,45201.0,16.0,12.7,21.1,1,9,5,259
2023-09-17,43558.0,17.8,15.7,23.7,1,9,6,260
2023-09-18,49031.0,16.1,12.0,20.5,0,9,0,261
2023-09-19,46357.0,17.9,12.6,21.7,0,9,1,262
2023-09-20,47638.0,17.5,15.4,22.6,0,9,2,263
2023-09-21,54642.0,14.3,10.7,19.7,0,9,3,264
2023-09-22,48463.0,18.1,15.9,21.7,0,9,4,265
2023-09-23,50080.0,14.7,10.7,18.0,1,9,5,266
2023-09-24,43795.0,17.3,15.5,21.4,1,9,6,267
2023-09-25,51910.0,16.2,12.8,21.1,0,9,0,268
2023-09-26,48845.0,19.0,16.9,23.8,0,9,1,269
2023-09-27,54238.0,14.7,11.9,17.3,0,9,2,270
2023-09-28,54429.0,14.3,12.3,20.2,0,9,3,271
2023-09-29,54434.0,14.8,11.0,18.2,0,9,4,272
2023-09-30,51873.0,14.1,11.9,17.8,1,9,5,273
2023-10-01,47977.0,16.1,12.6,19.2,1,10,6,274
2023-10-02,64744.0,11.1,8.5,17.8,0,10,0,275
2023-10-03,61205.0,12.1,9.2,16.3,0,10,1,276
2023-10-04,62946.0,11.9,8.7,15.0,0,10,2,277
2023-10-05,53846.0,15.7,13.5,20.6,0,10,3,278
2023-10-06,51552.0,17.1,13.9,21.9,0,10,4,279
2023-10-07,55980.0,13.3,8.8,17.1,1,10,5,280
2023-10-08,56797.0,13.0,10.8,17.8,1,10,6,281
2023-10-09,60140.0,13.3,9.1,16.5,0,10,0,282
2023-10-10,55543.0,15.3,10.8,18.8,0,10,1,283
2023-10-11,67278.0,11.0,8.8,13.0,0,10,2,284
2023-10-12,59984.0,13.1,11.6,15.8,0,10,3,285
2023-10-13,57688.0,14.4,11.1,20.2,0,10,4,286
2023-10-14,55822.0,13.3,10.9,18.9,1,10,5,287
2023-10-15,58904.0,12.5,7.6,16.6,1,10,6,288
2023-10-16,60630.0,14.0,10.9,19.6,0,10,0,289
2023-10-17,78292.0,6.4,4.2,10.2,0,10,1,290
2023-10-18,60554.0,13.0,11.1,16.7,0,10,2,291
2023-10-19,69398.0,10.1,6.0,14.2,0,10,3,292
2023-10-20,76942.0,7.6,5.2,11.5,0,10,4,293
2023-10-21,61033.0,12.1,9.1,15.9,1,10,5,294
2023-10-22,57233.0,13.7,9.7,18.8,1,10,6,295
2023-10-23,69320.0,10.5,8.0,14.6,0,10,0,296
2023-10-24,63666.0,12.5,9.5,17.2,0,10,1,297
2023-10-25,62400.0,13.6,10.7,18.7,0,10,2,298
2023-10-26,63402.0,12.9,9.2,17.3,0,10,3,299
2023-10-27,64783.0,13.4,9.8,16.4,0,10,4,300
2023-10-28,64072.0,11.4,8.6,14.0,1,10,5,301
2023-10-29,67072.0,9.9,6.8,14.0,1,10,6,302
2023-10-30,80520.0,6.4,3.7,10.2,0,10,0,303
2023-10-31,74739.0,8.9,7.4,13.0,0,10,1,304
2023-11-01,72188.0,7.6,4.3,11.5,2,11,2,305
2023-11-02,64780.0,13.4,8.5,20.0,0,11,3,306
2023-11-03,76344.0,8.6,6.4,11.2,0,11,4,307
2023-11-04,70186.0,9.0,6.8,11.0,1,11,5,308
2023-11-05,70710.0,9.7,7.6,14.0,1,11,6,309
2023-11-06,76841.0,8.5,4.8,12.1,0,11,0,310
2023-11-07,69720.0,11.7,8.2,16.0,0,11,1,311
2023-11-08,80764.0,6.9,4.0,11.4,0,11,2,312
2023-11-09,78007.0,8.3,6.3,13.6,0,11,3,313
2023-11-10,83200.0,6.3,3.2,8.8,0,11,4,314
2023-11-11,74371.0,5.0,3.6,8.4,2,11,5,315
2023-11-12,80494.0,6.3,3.1,10.7,1,11,6,316
2023-11-13,82075.0,7.3,3.4,12.0,0,11,0,317
2023-11-14,83217.0,6.3,4.6,12.5,0,11,1,318
2023-11-15,84493.0,5.6,4.2,10.6,0,11,2,319
2023-11-16,89743.0,4.1,-0.5,8.0,0,11,3,320
2023-11-17,83433.0,6.6,4.2,9.7,0,11,4,321
2023-11-18,86765.0,3.6,-0.6,7.0,1,11,5,322
2023-11-19,75814.0,8.0,5.1,11.4,1,11,6,323
2023-11-20,84451.0,6.5,3.6,11.1,0,11,0,324
2023-11-21,93396.0,3.2,-0.2,7.5,0,11,1,325
2023-11-22,87437.0,5.4,3.3,8.1,0,11,2,326
2023-11-23,88837.0,4.4,1.2,7.9,0,11,3,327
2023-11-24,85884.0,6.4,3.8,11.3,0,11,4,328
2023-11-25,76966.0,8.3,6.6,12.6,1,11,5,329
2023-11-26,94714.0,1.7,-1.6,6.3,1,11,6,330
2023-11-27,86296.0,5.6,2.8,10.0,0,11,0,331
2023-11-28,89211.0,4.9,2.1,10.5,0,11,1,332
2023-11-29,83634.0,6.4,4.7,10.7,0,11,2,333
2023-11-30,88465.0,5.4,0.8,9.0,0,11,3,334
2023-12-01,92835.0,3.3,-0.5,6.4,0,12,4,335
2023-12-02,88565.0,4.1,0.1,8.3,1,12,5,336
2023-12-03,89202.0,3.0,0.3,4.6,1,12,6,337
2023-12-04,84013.0,6.7,5.4,10.5,0,12,0,338
2023-12-05,90655.0,4.4,-0.5,8.2,0,12,1,339
2023-12-06,80439.0,8.1,5.1,10.7,0,12,2,340
2023-12-07,92808.0,4.0,1.8,7.1,0,12,3,341
2023-12-08,94165.0,2.6,-0.8,7.5,0,12,4,342
2023-12-09,95729.0,0.9,-3.2,5.2,1,12,5,343
2023-12-10,95845.0,0.3,-2.7,4.4,1,12,6,344
2023-12-11,100000.0,0.6,-3.7,4.9,0,12,0,345
2023-12-12,93654.0,4.2,0.1,8.3,0,12,1,346
2023-12-13,91748.0,4.6,2.7,9.8,0,12,2,347
2023-12-14,100000.0,0.3,-2.0,4.4,0,12,3,348
2023-12-15,90133.0,5.2,1.2,7.7,0,12,4,349
2023-12-16,92865.0,2.3,2.1,8.0,1,12,5,350
2023-12-17,90373.0,3.5,0.7,7.9,1,12,6,351
2023-12-18,86358.0,6.4,4.8,9.8,0,12,0,352
2023-12-19,91777.0,4.9,2.3,7.6,0,12,1,353
2023-12-20,95232.0,2.4,-0.3,6.8,0,12,2,354
2023-12-21,100000.0,1.1,-1.5,5.0,0,12,3,355
2023-12-22,100000.0,-1.5,-3.9,4.1,0,12,4,356
2023-12-23,96395.0,1.3,-0.6,5.0,1,12,5,357
2023-12-24,93594.0,2.3,-3.0,5.4,1,12,6,358
2023-12-25,95049.0,0.7,-4.2,5.6,2,12,0,359
2023-12-26,97314.0,2.3,0.5,7.2,0,12,1,360
2023-12-27,97419.0,2.7,-1.9,6.9,0,12,2,361
2023-12-28,98894.0,2.0,-0.6,6.7,0,12,3,362
2023-12-29,100000.0,1.1,-2.0,5.1,0,12,4,363
2023-12-30,92453.0,2.7,-0.2,6.9,1,12,5,364
2023-12-31,92187.0,3.2,0.9,8.4,1,12,6,365
2024-01-01,97526.0,0.1,-3.9,4.7,2,1,0,1
2024-01-02,91502.0,5.1,1.9,8.9,0,1,1,2
2024-01-03,100000.0,2.0,-0.5,7.4,0,1,2,3
2024-01-04,97641.0,2.2,0.5,3.9,0,1,3,4
2024-01-05,93960.0,3.6,1.5,9.6,0,1,4,5
2024-01-06,94042.0,2.6,1.2,4.9,1,1,5,6
2024-01-07,89360.0,4.0,1.0,7.4,1,1,6,7
2024-01-08,97556.0,2.6,0.8,6.6,0,1,0,8
2024-01-09,100000.0,0.8,-1.9,4.7,0,1,1,9
2024-01-10,97355.0,2.8,-1.6,7.8,0,1,2,10
2024-01-11,100000.0,-0.3,-4.5,2.7,0,1,3,11
2024-01-12,99552.0,2.2,-0.7,6.5,0,1,4,12
2024-01-13,95835.0,1.9,-1.0,5.4,1,1,5,13
2024-01-14,94902.0,1.6,-3.3,5.9,1,1,6,14
2024-01-15,99222.0,1.7,-1.8,5.7,0,1,0,15
2024-01-16,100000.0,-1.8,-4.4,2.3,0,1,1,16
2024-01-17,100000.0,0.9,-0.7,4.4,0,1,2,17
2024-01-18,99754.0,2.2,-1.2,5.7,0,1,3,18
2024-01-19,99031.0,2.3,-1.5,6.6,0,1,4,19
2024-01-20,99832.0,-0.0,-2.4,4.9,1,1,5,20
2024-01-21,88467.0,4.6,1.3,8.0,1,1,6,21
2024-01-22,100000.0,0.3,-2.3,3.5,0,1,0,22
2024-01-23,94485.0,4.0,1.2,8.6,0,1,1,23
2024-01-24,97558.0,3.0,2.5,6.9,0,1,2,24
2024-01-25,100000.0,0.9,-1.9,5.7,0,1,3,25
2024-01-26,90238.0,5.7,1.8,8.8,0,1,4,26
2024-01-27,100000.0,-0.2,-2.5,2.0,1,1,5,27
2024-01-28,89199.0,4.1,1.0,7.6,1,1,6,28
2024-01-29,94046.0,4.3,2.0,7.5,0,1,0,29
2024-01-30,100000.0,1.0,-2.4,4.9,0,1,1,30
2024-01-31,91135.0,5.2,2.4,8.5,0,1,2,31
2024-02-01,99577.0,1.9,-0.1,6.7,0,2,3,32
2024-02-02,95799.0,3.1,-1.3,6.8,0,2,4,33
2024-02-03,91988.0,3.1,-0.9,7.2,1,2,5,34
2024-02-04,93986.0,2.3,-0.1,6.5,1,2,6,35
2024-02-05,93340.0,4.3,0.8,8.5,0,2,0,36
2024-02-06,92237.0,4.3,0.8,8.3,0,2,1,37
2024-02-07,100000.0,-0.7,-4.4,3.8,0,2,2,38
2024-02-08,91203.0,5.5,4.1,8.7,0,2,3,39
2024-02-09,100000.0,-0.4,-4.4,5.0,0,2,4,40
2024-02-10,87159.0,5.1,2.6,8.8,1,2,5,41
2024-02-11,85464.0,5.3,2.7,8.0,1,2,6,42
2024-02-12,100000.0,1.0,-4.7,5.1,0,2,0,43
2024-02-13,97506.0,2.4,-0.9,5.5,0,2,1,44
2024-02-14,99703.0,1.1,-1.5,5.8,0,2,2,45
2024-02-15,95963.0,3.0,2.2,9.2,0,2,3,46
2024-02-16,95070.0,2.9,-1.5,6.1,0,2,4,47
2024-02-17,85098.0,5.1,3.5,9.5,1,2,5,48
2024-02-18,82774.0,6.3,4.3,8.5,1,2,6,49
2024-02-19,86597.0,6.6,3.9,11.0,0,2,0,50
2024-02-20,94851.0,2.7,-1.7,5.8,0,2,1,51
2024-02-21,94527.0,3.5,-0.2,6.9,0,2,2,52
2024-02-22,100000.0,0.7,-2.1,3.6,0,2,3,53
2024-02-23,95370.0,2.6,-0.7,7.3,0,2,4,54
2024-02-24,80971.0,6.2,3.8,11.2,1,2,5,55
2024-02-25,78445.0,7.6,4.5,11.6,1,2,6,56
2024-02-26,96559.0,2.0,-1.0,5.2,0,2,0,57
2024-02-27,93394.0,3.4,-0.5,9.0,0,2,1,58
2024-02-28,89773.0,4.7,0.7,7.9,0,2,2,59
2024-02-29,86507.0,5.4,1.9,7.3,0,2,3,60
2024-03-01,92826.0,3.4,0.7,7.8,0,3,4,61
2024-03-02,81791.0,5.9,2.2,8.8,1,3,5,62
2024-03-03,86593.0,4.3,1.4,9.3,1,3,6,63
2024-03-04,87284.0,5.3,3.4,8.9,0,3,0,64
2024-03-05,85928.0,6.6,4.0,11.2,0,3,1,65
2024-03-06,85295.0,5.6,2.5,11.0,0,3,2,66
2024-03-07,89620.0,4.9,1.0,7.7,0,3,3,67
2024-03-08,86285.0,5.7,2.8,9.1,0,3,4,68
2024-03-09,82066.0,5.8,4.1,9.8,1,3,5,69
2024-03-10,82364.0,5.4,2.4,11.0,1,3,6,70
2024-03-11,86664.0,5.8,2.7,9.1,0,3,0,71
2024-03-12,75657.0,9.6,6.5,13.0,0,3,1,72
2024-03-13,79773.0,7.7,3.8,12.2,0,3,2,73
2024-03-14,85562.0,6.1,2.1,9.6,0,3,3,74
2024-03-15,78857.0,8.3,5.9,12.4,0,3,4,75
2024-03-16,79259.0,6.4,4.0,8.8,1,3,5,76
2024-03-17,72010.0,9.5,7.6,15.7,1,3,6,77
2024-03-18,78184.0,8.1,4.4,10.7,0,3,0,78
2024-03-19,81335.0,7.3,2.8,10.9,0,3,1,79
2024-03-20,77072.0,8.5,5.8,12.5,0,3,2,80
2024-03-21,86987.0,4.6,1.9,10.6,0,3,3,81
2024-03-22,84382.0,5.7,1.2,8.4,0,3,4,82
2024-03-23,78407.0,5.7,2.2,11.7,1,3,5,83
2024-03-24,71742.0,8.5,5.1,13.3,1,3,6,84
2024-03-25,69438.0,11.9,10.1,16.3,0,3,0,85
2024-03-26,66007.0,13.0,9.4,16.1,0,3,1,86
2024-03-27,72647.0,10.0,8.0,14.6,0,3,2,87
2024-03-28,73006.0,9.9,8.0,13.2,0,3,3,88
2024-03-29,83511.0,5.5,2.8,10.7,0,3,4,89
2024-03-30,73462.0,8.2,5.7,11.2,1,3,5,90
2024-03-31,72862.0,7.8,5.1,11.7,1,3,6,91
2024-04-01,76289.0,8.3,6.8,11.8,0,4,0,92
2024-04-02,74172.0,9.4,5.4,12.4,0,4,1,93
2024-04-03,73565.0,9.0,4.8,13.7,0,4,2,94
2024-04-04,82379.0,6.1,5.1,10.7,0,4,3,95
2024-04-05,65680.0,11.7,7.8,16.9,0,4,4,96
2024-04-06,72217.0,8.3,6.1,10.5,1,4,5,97
2024-04-07,63460.0,11.1,7.2,16.1,1,4,6,98
2024-04-08,58292.0,14.9,12.0,21.4,0,4,0,99
2024-04-09,71343.0,9.1,6.1,12.6,0,4,1,100
2024-04-10,79946.0,6.0,3.2,11.9,0,4,2,101
2024-04-11,67657.0,10.7,6.5,14.4,0,4,3,102
2024-04-12,60466.0,13.6,11.9,16.3,0,4,4,103
2024-04-13,51454.0,15.5,11.9,19.2,1,4,5,104
2024-04-14,67667.0,9.3,5.2,14.4,1,4,6,105
2024-04-15,62333.0,13.0,9.2,16.1,0,4,0,106
2024-04-16,66621.0,11.2,5.9,14.6,0,4,1,107
2024-04-17,63099.0,12.1,9.6,16.7,0,4,2,108
2024-04-18,50822.0,17.8,13.8,21.8,0,4,3,109
2024-04-19,71196.0,9.6,6.7,14.2,0,4,4,110
2024-04-20,55284.0,13.3,9.1,17.6,1,4,5,111
2024-04-21,55528.0,13.9,10.9,18.4,1,4,6,112
2024-04-22,54819.0,15.3,12.7,18.9,0,4,0,113
2024-04-23,59356.0,13.5,9.2,17.8,0,4,1,114
2024-04-24,58564.0,14.1,11.6,17.2,0,4,2,115
2024-04-25,61629.0,12.9,11.3,18.2,0,4,3,116
2024-04-26,56626.0,14.4,11.9,17.7,0,4,4,117
2024-04-27,54374.0,13.3,9.7,18.5,1,4,5,118
2024-04-28,49227.0,15.4,11.0,19.2,1,4,6,119
2024-04-29,58411.0,13.6,10.5,17.8,0,4,0,120
2024-04-30,54536.0,15.3,10.9,18.8,0,4,1,121
2024-05-01,49276.0,14.6,13.0,17.6,2,5,2,122
2024-05-02,49652.0,17.1,14.5,19.4,0,5,3,123
2024-05-03,55539.0,14.9,12.2,17.9,0,5,4,124
2024-05-04,58069.0,11.6,8.7,15.3,1,5,5,125
2024-05-05,44415.0,17.9,14.8,22.1,1,5,6,126
2024-05-06,55576.0,13.7,10.0,18.7,0,5,0,127
2024-05-07,52864.0,14.3,11.8,17.9,0,5,1,128
2024-05-08,48430.0,14.6,11.5,17.7,2,5,2,129
2024-05-09,47949.0,18.7,15.8,21.3,0,5,3,130
2024-05-10,60302.0,11.9,9.8,16.3,0,5,4,131
2024-05-11,43406.0,22.6,19.7,27.9,1,5,5,132
2024-05-12,43008.0,18.6,15.7,23.8,1,5,6,133
2024-05-13,48305.0,17.0,14.2,21.8,0,5,0,134
2024-05-14,48220.0,16.6,13.6,21.3,0,5,1,135
2024-05-15,46502.0,17.5,14.4,23.2,0,5,2,136
2024-05-16,47743.0,18.1,15.5,22.4,0,5,3,137
2024-05-17,46629.0,18.5,14.2,23.1,0,5,4,138
2024-05-18,42578.0,18.5,16.6,22.1,1,5,5,139
2024-05-19,41630.0,17.7,15.4,20.3,1,5,6,140
2024-05-20,45849.0,17.2,11.5,20.6,0,5,0,141
2024-05-21,46294.0,17.5,15.5,21.5,0,5,1,142
2024-05-22,46098.0,17.5,15.9,21.6,0,5,2,143
2024-05-23,46333.0,20.3,16.6,26.2,0,5,3,144
2024-05-24,45598.0,19.4,18.5,23.5,0,5,4,145
2024-05-25,51109.0,12.4,9.7,17.6,1,5,5,146
2024-05-26,40700.0,19.8,14.6,23.3,1,5,6,147
2024-05-27,46051.0,19.0,17.5,22.7,0,5,0,148
2024-05-28,45049.0,18.7,17.7,21.3,0,5,1,149
2024-05-29,44964.0,18.1,16.6,21.3,0,5,2,150
2024-05-30,45825.0,21.2,17.3,25.7,0,5,3,151
2024-05-31,44344.0,21.0,16.9,25.0,0,5,4,152
2024-06-01,39059.0,17.7,15.2,22.6,1,6,5,153
2024-06-02,40047.0,20.1,16.5,24.3,1,6,6,154
2024-06-03,44172.0,17.5,13.1,21.1,0,6,0,155
2024-06-04,44183.0,16.8,12.0,22.9,0,6,1,156
2024-06-05,44193.0,18.4,15.7,22.3,0,6,2,157
2024-06-06,44617.0,21.5,20.8,26.7,0,6,3,158
2024-06-07,44110.0,21.8,19.6,25.4,0,6,4,159
2024-06-08,39758.0,21.0,18.4,25.7,1,6,5,160
2024-06-09,40861.0,21.5,18.8,26.5,1,6,6,161
2024-06-10,43536.0,21.2,18.4,25.4,0,6,0,162
2024-06-11,43935.0,19.0,14.9,20.7,0,6,1,163
2024-06-12,43210.0,21.2,17.0,25.3,0,6,2,164
2024-06-13,42848.0,22.1,19.2,27.3,0,6,3,165
2024-06-14,42967.0,22.1,18.0,26.6,0,6,4,166
2024-06-15,38464.0,23.0,19.7,27.5,1,6,5,167
2024-06-16,39050.0,22.2,19.1,24.4,1,6,6,168
2024-06-17,45059.0,21.5,17.6,24.8,0,6,0,169
2024-06-18,42527.0,23.0,20.0,27.5,0,6,1,170
2024-06-19,42689.0,20.9,15.9,25.3,0,6,2,171
2024-06-20,42898.0,19.3,17.7,24.5,0,6,3,172
2024-06-21,43193.0,20.8,18.3,24.7,0,6,4,173
2024-06-22,38518.0,19.7,16.8,24.1,1,6,5,174
2024-06-23,39268.0,19.9,16.5,23.9,1,6,6,175
2024-06-24,40736.0,21.0,16.8,24.0,0,6,0,176
2024-06-25,40707.0,19.8,16.8,21.5,0,6,1,177
2024-06-26,42161.0,20.8,19.2,25.3,0,6,2,178
2024-06-27,43381.0,17.7,13.9,21.9,0,6,3,179
2024-06-28,41198.0,22.0,18.2,25.4,0,6,4,180
2024-06-29,35495.0,21.6,20.5,24.0,1,6,5,181
2024-06-30,38311.0,20.0,17.0,24.6,1,6,6,182
2024-07-01,42505.0,23.0,21.6,26.7,0,7,0,183
2024-07-02,41397.0,23.6,21.3,28.2,0,7,1,184
2024-07-03,41442.0,18.6,16.5,24.4,0,7,2,185
2024-07-04,41420.0,20.3,16.5,22.1,0,7,3,186
2024-07-05,42251.0,20.3,17.2,23.6,0,7,4,187
2024-07-06,37132.0,20.0,18.3,23.8,1,7,5,188
2024-07-07,38002.0,23.6,19.7,29.0,1,7,6,189
2024-07-08,39800.0,21.5,20.0,23.9,0,7,0,190
2024-07-09,41377.0,21.4,18.1,27.3,0,7,1,191
2024-07-10,41144.0,17.9,15.8,22.1,0,7,2,192
2024-07-11,41825.0,23.2,20.6,27.1,0,7,3,193
2024-07-12,41588.0,19.5,16.0,23.3,0,7,4,194
2024-07-13,38148.0,22.1,18.6,25.7,1,7,5,195
2024-07-14,30016.0,22.6,18.2,27.6,2,7,6,196
2024-07-15,42037.0,24.7,21.8,27.7,0,7,0,197
2024-07-16,42447.0,19.4,16.1,23.7,0,7,1,198
2024-07-17,46095.0,16.0,13.4,19.6,0,7,2,199
2024-07-18,41624.0,22.4,19.2,25.6,0,7,3,200
2024-07-19,42278.0,25.6,22.1,32.2,0,7,4,201
2024-07-20,36087.0,24.4,21.5,28.9,1,7,5,202
2024-07-21,35631.0,22.4,21.2,27.0,1,7,6,203
2024-07-22,42738.0,21.0,17.6,26.1,0,7,0,204
2024-07-23,42079.0,23.5,20.2,26.1,0,7,1,205
2024-07-24,43050.0,19.9,17.6,25.7,0,7,2,206
2024-07-25,41035.0,22.8,21.1,24.3,0,7,3,207
2024-07-26,42579.0,22.8,18.4,26.1,0,7,4,208
2024-07-27,39190.0,23.9,20.4,27.5,1,7,5,209
2024-07-28,38066.0,27.3,24.5,31.9,1,7,6,210
2024-07-29,42490.0,22.5,20.7,26.7,0,7,0,211
2024-07-30,42317.0,20.7,18.5,24.5,0,7,1,212
2024-07-31,41097.0,21.6,17.3,25.6,0,7,2,213
2024-08-01,43485.0,18.1,14.9,21.1,0,8,3,214
2024-08-02,41962.0,20.2,17.7,22.7,0,8,4,215
2024-08-03,38406.0,20.7,17.2,25.4,1,8,5,216
2024-08-04,36808.0,20.4,18.2,25.1,1,8,6,217
2024-08-05,41673.0,21.7,17.2,27.3,0,8,0,218
2024-08-06,43825.0,19.7,15.3,22.9,0,8,1,219
2024-08-07,42463.0,23.5,21.0,28.2,0,8,2,220
2024-08-08,43970.0,21.2,18.8,24.9,0,8,3,221
2024-08-09,42814.0,21.1,20.7,26.3,0,8,4,222
2024-08-10,36975.0,20.4,18.9,25.4,1,8,5,223
2024-08-11,39236.0,21.3,19.6,25.5,1,8,6,224
2024-08-12,42628.0,22.6,19.4,26.2,0,8,0,225
2024-08-13,43738.0,19.1,16.4,24.0,0,8,1,226
2024-08-14,43282.0,19.4,17.8,24.1,0,8,2,227
2024-08-15,36112.0,20.0,17.3,23.4,2,8,3,228
2024-08-16,43566.0,17.9,14.4,20.5,0,8,4,229
2024-08-17,40782.0,18.8,15.3,22.5,1,8,5,230
2024-08-18,39512.0,19.4,18.3,24.9,1,8,6,231
2024-08-19,43666.0,22.0,19.2,27.2,0,8,0,232
2024-08-20,44670.0,20.7,19.1,23.6,0,8,1,233
2024-08-21,44078.0,20.5,16.6,23.3,0,8,2,234
2024-08-22,44180.0,21.7,17.9,27.0,0,8,3,235
2024-08-23,43244.0,19.6,17.5,22.5,0,8,4,236
2024-08-24,39911.0,20.6,18.3,25.1,1,8,5,237
2024-08-25,40662.0,19.5,16.9,22.8,1,8,6,238
2024-08-26,43776.0,20.1,19.3,25.7,0,8,0,239
2024-08-27,45699.0,18.3,14.9,21.5,0,8,1,240
2024-08-28,50983.0,14.4,11.7,19.6,0,8,2,241
2024-08-29,44083.0,18.9,15.0,23.1,0,8,3,242
2024-08-30,45712.0,21.9,20.0,26.2,0,8,4,243
2024-08-31,40307.0,20.8,18.4,22.8,1,8,5,244
2024-09-01,41268.0,20.8,19.3,22.6,1,9,6,245
2024-09-02,45054.0,21.2,19.2,25.0,0,9,0,246
2024-09-03,45368.0,18.8,16.9,23.0,0,9,1,247
2024-09-04,45941.0,18.8,14.9,21.7,0,9,2,248
2024-09-05,45912.0,17.1,14.8,20.0,0,9,3,249
2024-09-06,44217.0,17.6,14.4,22.1,0,9,4,250
2024-09-07,40552.0,19.3,16.7,23.8,1,9,5,251
2024-09-08,42331.0,20.3,18.6,24.2,1,9,6,252
2024-09-09,46121.0,17.5,14.7,22.3,0,9,0,253
2024-09-10,46622.0,16.7,13.1,19.6,0,9,1,254
2024-09-11,45425.0,17.5,15.7,21.1,0,9,2,255
2024-09-12,45792.0,18.5,14.7,24.2,0,9,3,256
2024-09-13,51911.0,14.3,12.2,18.4,0,9,4,257
2024-09-14,53726.0,12.5,9.9,16.6,1,9,5,258
2024-09-15,45123.0,15.8,12.3,22.1,1,9,6,259
2024-09-16,53207.0,14.3,12.0,16.9,0,9,0,260
2024-09-17,50896.0,15.6,12.5,20.4,0,9,1,261
2024-09-18,49977.0,16.1,13.5,21.8,0,9,2,262
2024-09-19,53430.0,15.4,12.3,19.1,0,9,3,263
2024-09-20,46658.0,19.0,18.4,23.9,0,9,4,264
2024-09-21,45380.0,16.6,15.5,19.6,1,9,5,265
2024-09-22,45917.0,16.4,12.8,19.7,1,9,6,266
2024-09-23,47965.0,16.9,12.9,21.3,0,9,0,267
2024-09-24,58119.0,13.2,11.1,18.0,0,9,1,268
2024-09-25,48299.0,17.4,14.7,22.5,0,9,2,269
2024-09-26,53926.0,15.0,11.7,20.6,0,9,3,270
2024-09-27,51826.0,16.3,12.7,20.3,0,9,4,271
2024-09-28,55891.0,12.7,11.7,17.9,1,9,5,272
2024-09-29,58802.0,11.6,9.5,15.2,1,9,6,273
2024-09-30,51275.0,16.1,13.5,21.0,0,9,0,274
2024-10-01,53224.0,15.1,11.4,19.3,0,10,1,275
2024-10-02,61223.0,12.4,6.9,16.8,0,10,2,276
2024-10-03,62782.0,12.3,9.5,16.7,0,10,3,277
2024-10-04,51211.0,16.1,14.5,18.5,0,10,4,278
2024-10-05,59256.0,11.3,7.9,14.2,1,10,5,279
2024-10-06,46636.0,16.8,12.5,20.9,1,10,6,280
2024-10-07,63560.0,11.5,8.4,13.8,0,10,0,281
2024-10-08,56616.0,14.4,12.3,19.3,0,10,1,282
2024-10-09,62346.0,12.3,8.4,17.2,0,10,2,283
2024-10-10,57533.0,14.0,10.4,18.4,0,10,3,284
2024-10-11,64183.0,11.6,9.6,14.4,0,10,4,285
2024-10-12,59720.0,12.1,8.8,17.5,1,10,5,286
2024-10-13,57695.0,12.4,8.4,18.4,1,10,6,287
2024-10-14,67781.0,10.1,5.9,14.3,0,10,0,288
2024-10-15,60442.0,13.4,10.5,17.9,0,10,1,289
2024-10-16,68405.0,10.8,8.1,15.0,0,10,2,290
2024-10-17,66841.0,11.2,6.9,15.7,0,10,3,291
2024-10-18,71057.0,9.5,7.7,13.3,0,10,4,292
2024-10-19,75405.0,6.1,2.7,10.1,1,10,5,293
2024-10-20,62717.0,10.7,9.1,15.6,1,10,6,294
2024-10-21,56591.0,15.8,11.7,22.1,0,10,0,295
2024-10-22,65241.0,12.3,9.6,14.9,0,10,1,296
2024-10-23,69223.0,10.5,6.3,14.4,0,10,2,297
2024-10-24,72169.0,9.9,6.4,12.7,0,10,3,298
2024-10-25,69629.0,10.3,8.5,15.9,0,10,4,299
2024-10-26,64903.0,11.2,6.7,14.6,1,10,5,300
2024-10-27,73354.0,7.5,3.0,10.1,1,10,6,301
2024-10-28,66573.0,12.0,8.1,16.6,0,10,0,302
2024-10-29,69407.0,11.0,8.8,16.7,0,10,1,303
2024-10-30,69906.0,10.8,8.1,15.5,0,10,2,304
2024-10-31,72947.0,10.1,7.0,14.3,0,10,3,305
2024-11-01,67782.0,9.1,6.8,13.5,2,11,4,306
2024-11-02,66841.0,10.3,5.6,15.7,1,11,5,307
2024-11-03,69257.0,9.9,6.8,13.1,1,11,6,308
2024-11-04,77749.0,7.9,7.6,11.8,0,11,0,309
2024-11-05,80608.0,7.3,3.9,10.8,0,11,1,310
2024-11-06,78430.0,8.5,5.8,11.3,0,11,2,311
2024-11-07,70071.0,11.2,8.3,14.9,0,11,3,312
2024-11-08,85431.0,5.5,2.8,10.6,0,11,4,313
2024-11-09,81153.0,4.9,1.0,9.4,1,11,5,314
2024-11-10,75063.0,8.0,3.8,12.6,1,11,6,315
2024-11-11,74228.0,7.6,4.3,11.7,2,11,0,316
2024-11-12,80369.0,7.7,5.0,12.2,0,11,1,317
2024-11-13,79652.0,7.7,4.7,10.9,0,11,2,318
2024-11-14,81700.0,6.6,3.6,10.3,0,11,3,319
2024-11-15,75386.0,9.9,7.7,14.0,0,11,4,320
2024-11-16,84802.0,3.5,-0.1,7.8,1,11,5,321
2024-11-17,82846.0,4.9,1.5,9.2,1,11,6,322
2024-11-18,85230.0,6.2,1.7,10.1,0,11,0,323
2024-11-19,92828.0,3.0,-1.2,6.6,0,11,1,324
2024-11-20,87388.0,5.8,3.5,13.0,0,11,2,325
2024-11-21,77949.0,9.3,5.5,14.2,0,11,3,326
2024-11-22,85288.0,5.9,3.9,10.3,0,11,4,327
2024-11-23,80758.0,6.2,2.5,10.0,1,11,5,328
2024-11-24,88619.0,3.1,0.6,6.6,1,11,6,329
2024-11-25,89133.0,4.2,2.3,8.1,0,11,0,330
2024-11-26,88894.0,4.6,1.3,8.9,0,11,1,331
2024-11-27,89356.0,4.6,4.3,6.7,0,11,2,332
2024-11-28,80619.0,7.7,6.4,10.1,0,11,3,333
2024-11-29,86338.0,6.1,3.3,9.5,0,11,4,334
2024-11-30,90372.0,2.6,-0.5,6.8,1,11,5,335
2024-12-01,82860.0,5.2,2.6,9.0,1,12,6,336
2024-12-02,88174.0,5.6,4.2,11.1,0,12,0,337
2024-12-03,85616.0,6.8,4.6,9.3,0,12,1,338
2024-12-04,83418.0,7.6,4.2,10.8,0,12,2,339
2024-12-05,96342.0,2.2,-1.3,7.8,0,12,3,340
2024-12-06,96432.0,2.5,-0.4,6.7,0,12,4,341
2024-12-07,94607.0,1.5,-2.6,6.4,1,12,5,342
2024-12-08,89554.0,3.5,0.1,9.5,1,12,6,343
2024-12-09,90000.0,4.8,2.5,8.1,0,12,0,344
2024-12-10,88622.0,5.7,3.0,9.6,0,12,1,345
2024-12-11,95011.0,3.5,1.9,7.2,0,12,2,346
2024-12-12,95125.0,2.9,0.0,5.0,0,12,3,347
2024-12-13,95242.0,3.8,-0.3,7.5,0,12,4,348
2024-12-14,93889.0,1.7,-2.0,6.6,1,12,5,349
2024-12-15,80014.0,7.5,3.1,12.0,1,12,6,350
2024-12-16,100000.0,0.0,-2.7,4.6,0,12,0,351
2024-12-17,94767.0,3.5,-0.8,7.1,0,12,1,352
2024-12-18,84275.0,7.1,4.3,10.5,0,12,2,353
2024-12-19,95582.0,3.0,-1.5,8.3,0,12,3,354
2024-12-20,96385.0,2.5,-0.4,6.0,0,12,4,355
2024-12-21,93951.0,2.1,-1.6,6.4,1,12,5,356
2024-12-22,93990.0,2.4,-2.1,6.6,1,12,6,357
2024-12-23,90673.0,5.5,2.6,10.9,0,12,0,358
2024-12-24,100000.0,-1.8,-5.0,3.2,0,12,1,359
2024-12-25,85413.0,5.7,1.4,8.4,2,12,2,360
2024-12-26,100000.0,-0.3,-3.2,2.5,0,12,3,361
2024-12-27,98545.0,1.9,0.3,6.5,0,12,4,362
2024-12-28,95784.0,1.6,-3.6,5.5,1,12,5,363
2024-12-29,90879.0,3.6,1.0,7.1,1,12,6,364
2024-12-30,100000.0,-0.9,-4.0,4.2,0,12,0,365
2024-12-31,96336.0,3.2,-0.9,7.4,0,12,1,366
